States/UTs,Crime Head,Year,Cases Reported,Below 6 Years_Male,Below 6 Years_Female,Below 6 Years_Total,6 to 12 Years_Male,6 to 12 Years_Female,6 to 12 Years_Total,12 to 16 Years_Male,12 to 16 Years_Female,12 to 16 Years_Total,16 to 18 Years_Male,16 to 18 Years_Female,16 to 18 Years_Total,18 to 30 Years_Male,18 to 30 Years_Female,18 to 30 Years_Total,30 to 45 Years_Male,30 to 45 Years_Female,30 to 45 Years_Total,45 to 60 Years_Male,45 to 60  Years_Female,45 to 60  Years_Total,60 Years and Above_Male,60 Years and Above_Female,60 Years and Above_Total,Total_Male,Total_Female,Total_Sex and Age Wise
Andhra Pradesh,2.1 - For Adoption,2014,26,0,1,1,1,0,1,0,7,7,2,5,7,0,10,10,0,0,0,0,0,0,0,0,0,3,23,26
Andhra Pradesh,2.2 - For Begging,2014,0,0,0,0,0,0,0,0,0,0,0,0,0,0,0,0,0,0,0,0,0,0,0,0,0,0,0,0
Andhra Pradesh,2.3 - For Camel Racing,2014,0,0,0,0,0,0,0,0,0,0,0,0,0,0,0,0,0,0,0,0,0,0,0,0,0,0,0,0
Andhra Pradesh,2.4 - For Illicit Intercourse,2014,12,0,0,0,0,0,0,0,2,2,0,2,2,0,7,7,0,1,1,0,0,0,0,0,0,0,12,12
Andhra Pradesh,2.5 - For Marriage,2014,274,0,2,2,0,7,7,0,90,90,0,134,134,0,41,41,0,0,0,0,0,0,0,0,0,0,274,274
Andhra Pradesh,2.6 - For Prostitution,2014,20,0,0,0,0,0,0,0,0,0,0,0,0,0,19,19,0,1,1,0,0,0,0,0,0,0,20,20
Andhra Pradesh,2.7 - For Ransom,2014,7,0,1,1,1,0,1,0,0,0,0,0,0,0,1,1,3,1,4,0,0,0,0,0,0,4,3,7
Andhra Pradesh,2.8 - For Revenge,2014,39,0,1,1,0,6,6,3,7,10,3,1,4,6,8,14,1,3,4,0,0,0,0,0,0,13,26,39
Andhra Pradesh,2.9 - For Sale,2014,0,0,0,0,0,0,0,0,0,0,0,0,0,0,0,0,0,0,0,0,0,0,0,0,0,0,0,0
Andhra Pradesh,2.10 - For Selling Body Parts,2014,0,0,0,0,0,0,0,0,0,0,0,0,0,0,0,0,0,0,0,0,0,0,0,0,0,0,0,0
Andhra Pradesh,2.11 - For Slavery,2014,0,0,0,0,0,0,0,0,0,0,0,0,0,0,0,0,0,0,0,0,0,0,0,0,0,0,0,0
Andhra Pradesh,2.12 - For Unlawful Activity,2014,0,0,0,0,0,0,0,0,0,0,0,0,0,0,0,0,0,0,0,0,0,0,0,0,0,0,0,0
Andhra Pradesh,2.13 - For Murder,2014,1,0,0,0,0,0,0,0,1,1,0,0,0,0,0,0,0,0,0,0,0,0,0,0,0,0,1,1
Andhra Pradesh,2.14 - Others purposes,2014,687,7,11,18,5,47,52,20,89,109,21,125,146,76,131,207,72,38,110,41,5,46,3,1,4,245,447,692
Andhra Pradesh,2 - Total Kidnapped & abducted,2014,1066,7,16,23,7,60,67,23,196,219,26,267,293,82,217,299,76,44,120,41,5,46,3,1,4,265,806,1071
Arunachal Pradesh,2.1 - For Adoption,2014,0,0,0,0,0,0,0,0,0,0,0,0,0,0,0,0,0,0,0,0,0,0,0,0,0,0,0,0
Arunachal Pradesh,2.2 - For Begging,2014,0,0,0,0,0,0,0,0,0,0,0,0,0,0,0,0,0,0,0,0,0,0,0,0,0,0,0,0
Arunachal Pradesh,2.3 - For Camel Racing,2014,0,0,0,0,0,0,0,0,0,0,0,0,0,0,0,0,0,0,0,0,0,0,0,0,0,0,0,0
Arunachal Pradesh,2.4 - For Illicit Intercourse,2014,2,0,0,0,0,0,0,0,0,0,0,0,0,0,2,2,0,0,0,0,0,0,0,0,0,0,2,2
Arunachal Pradesh,2.5 - For Marriage,2014,20,0,0,0,0,1,1,0,6,6,0,2,2,0,11,11,0,0,0,0,0,0,0,0,0,0,20,20
Arunachal Pradesh,2.6 - For Prostitution,2014,0,0,0,0,0,0,0,0,0,0,0,0,0,0,0,0,0,0,0,0,0,0,0,0,0,0,0,0
Arunachal Pradesh,2.7 - For Ransom,2014,7,0,0,0,1,0,1,0,0,0,0,1,1,2,0,2,3,0,3,0,0,0,0,0,0,6,1,7
Arunachal Pradesh,2.8 - For Revenge,2014,2,0,0,0,0,0,0,0,0,0,0,0,0,0,0,0,1,0,1,1,0,1,0,0,0,2,0,2
Arunachal Pradesh,2.9 - For Sale,2014,0,0,0,0,0,0,0,0,0,0,0,0,0,0,0,0,0,0,0,0,0,0,0,0,0,0,0,0
Arunachal Pradesh,2.10 - For Selling Body Parts,2014,0,0,0,0,0,0,0,0,0,0,0,0,0,0,0,0,0,0,0,0,0,0,0,0,0,0,0,0
Arunachal Pradesh,2.11 - For Slavery,2014,0,0,0,0,0,0,0,0,0,0,0,0,0,0,0,0,0,0,0,0,0,0,0,0,0,0,0,0
Arunachal Pradesh,2.12 - For Unlawful Activity,2014,0,0,0,0,0,0,0,0,0,0,0,0,0,0,0,0,0,0,0,0,0,0,0,0,0,0,0,0
Arunachal Pradesh,2.13 - For Murder,2014,1,0,0,0,0,0,0,0,0,0,0,0,0,0,1,1,0,0,0,0,0,0,0,0,0,0,1,1
Arunachal Pradesh,2.14 - Others purposes,2014,114,3,7,10,2,5,7,7,19,26,2,25,27,25,24,49,10,3,13,2,0,2,0,0,0,51,83,134
Arunachal Pradesh,2 - Total Kidnapped & abducted,2014,146,3,7,10,3,6,9,7,25,32,2,28,30,27,38,65,14,3,17,3,0,3,0,0,0,59,107,166
Assam,2.1 - For Adoption,2014,0,0,0,0,0,0,0,0,0,0,0,0,0,0,0,0,0,0,0,0,0,0,0,0,0,0,0,0
Assam,2.2 - For Begging,2014,0,0,0,0,0,0,0,0,0,0,0,0,0,0,0,0,0,0,0,0,0,0,0,0,0,0,0,0
Assam,2.3 - For Camel Racing,2014,0,0,0,0,0,0,0,0,0,0,0,0,0,0,0,0,0,0,0,0,0,0,0,0,0,0,0,0
Assam,2.4 - For Illicit Intercourse,2014,0,0,0,0,0,0,0,0,0,0,0,0,0,0,0,0,0,0,0,0,0,0,0,0,0,0,0,0
Assam,2.5 - For Marriage,2014,3883,0,0,0,0,0,0,0,41,41,0,50,50,0,2522,2522,0,1216,1216,0,54,54,0,0,0,0,3883,3883
Assam,2.6 - For Prostitution,2014,0,0,0,0,0,0,0,0,0,0,0,0,0,0,0,0,0,0,0,0,0,0,0,0,0,0,0,0
Assam,2.7 - For Ransom,2014,61,0,0,0,8,0,8,0,0,0,0,0,0,37,3,40,13,0,13,0,0,0,0,0,0,58,3,61
Assam,2.8 - For Revenge,2014,0,0,0,0,0,0,0,0,0,0,0,0,0,0,0,0,0,0,0,0,0,0,0,0,0,0,0,0
Assam,2.9 - For Sale,2014,0,0,0,0,0,0,0,0,0,0,0,0,0,0,0,0,0,0,0,0,0,0,0,0,0,0,0,0
Assam,2.10 - For Selling Body Parts,2014,0,0,0,0,0,0,0,0,0,0,0,0,0,0,0,0,0,0,0,0,0,0,0,0,0,0,0,0
Assam,2.11 - For Slavery,2014,0,0,0,0,0,0,0,0,0,0,0,0,0,0,0,0,0,0,0,0,0,0,0,0,0,0,0,0
Assam,2.12 - For Unlawful Activity,2014,0,0,0,0,0,0,0,0,0,0,0,0,0,0,0,0,0,0,0,0,0,0,0,0,0,0,0,0
Assam,2.13 - For Murder,2014,6,0,0,0,0,0,0,0,0,0,0,0,0,4,1,5,1,0,1,0,0,0,0,0,0,5,1,6
Assam,2.14 - Others purposes,2014,873,0,0,0,0,0,0,13,0,13,40,0,40,501,8,509,241,0,241,76,0,76,0,0,0,871,8,879
Assam,2 - Total Kidnapped & abducted,2014,4823,0,0,0,8,0,8,13,41,54,40,50,90,542,2534,3076,255,1216,1471,76,54,130,0,0,0,934,3895,4829
Bihar,2.1 - For Adoption,2014,81,0,0,0,0,0,0,0,0,0,0,0,0,77,0,77,6,0,6,0,0,0,0,0,0,83,0,83
Bihar,2.2 - For Begging,2014,0,0,0,0,0,0,0,0,0,0,0,0,0,0,0,0,0,0,0,0,0,0,0,0,0,0,0,0
Bihar,2.3 - For Camel Racing,2014,0,0,0,0,0,0,0,0,0,0,0,0,0,0,0,0,0,0,0,0,0,0,0,0,0,0,0,0
Bihar,2.4 - For Illicit Intercourse,2014,0,0,0,0,0,0,0,0,0,0,0,0,0,0,0,0,0,0,0,0,0,0,0,0,0,0,0,0
Bihar,2.5 - For Marriage,2014,4677,0,0,0,0,0,0,0,113,113,0,1295,1295,42,3086,3128,0,147,147,0,0,0,0,0,0,42,4641,4683
Bihar,2.6 - For Prostitution,2014,26,0,0,0,0,0,0,0,0,0,0,0,0,0,26,26,0,0,0,0,0,0,0,0,0,0,26,26
Bihar,2.7 - For Ransom,2014,62,0,0,0,4,0,4,0,1,1,0,0,0,47,1,48,11,0,11,0,0,0,0,0,0,62,2,64
Bihar,2.8 - For Revenge,2014,105,0,0,0,0,0,0,0,0,0,3,0,3,94,5,99,9,0,9,0,0,0,0,0,0,106,5,111
Bihar,2.9 - For Sale,2014,0,0,0,0,0,0,0,0,0,0,0,0,0,0,0,0,0,0,0,0,0,0,0,0,0,0,0,0
Bihar,2.10 - For Selling Body Parts,2014,0,0,0,0,0,0,0,0,0,0,0,0,0,0,0,0,0,0,0,0,0,0,0,0,0,0,0,0
Bihar,2.11 - For Slavery,2014,0,0,0,0,0,0,0,0,0,0,0,0,0,0,0,0,0,0,0,0,0,0,0,0,0,0,0,0
Bihar,2.12 - For Unlawful Activity,2014,0,0,0,0,0,0,0,0,0,0,0,0,0,0,0,0,0,0,0,0,0,0,0,0,0,0,0,0
Bihar,2.13 - For Murder,2014,470,1,1,2,1,0,1,3,0,3,4,0,4,321,6,327,141,0,141,0,0,0,0,0,0,471,7,478
Bihar,2.14 - Others purposes,2014,1149,25,1,26,14,0,14,52,18,70,25,24,49,744,33,777,199,3,202,12,0,12,0,0,0,1071,79,1150
Bihar,2 - Total Kidnapped & abducted,2014,6570,26,2,28,19,0,19,55,132,187,32,1319,1351,1325,3157,4482,366,150,516,12,0,12,0,0,0,1835,4760,6595
Chhattisgarh,2.1 - For Adoption,2014,0,0,0,0,0,0,0,0,0,0,0,0,0,0,0,0,0,0,0,0,0,0,0,0,0,0,0,0
Chhattisgarh,2.2 - For Begging,2014,0,0,0,0,0,0,0,0,0,0,0,0,0,0,0,0,0,0,0,0,0,0,0,0,0,0,0,0
Chhattisgarh,2.3 - For Camel Racing,2014,0,0,0,0,0,0,0,0,0,0,0,0,0,0,0,0,0,0,0,0,0,0,0,0,0,0,0,0
Chhattisgarh,2.4 - For Illicit Intercourse,2014,49,0,0,0,0,3,3,0,22,22,0,24,24,0,0,0,0,0,0,0,0,0,0,0,0,0,49,49
Chhattisgarh,2.5 - For Marriage,2014,274,0,8,8,0,1,1,0,80,80,0,157,157,0,26,26,0,2,2,0,0,0,0,0,0,0,274,274
Chhattisgarh,2.6 - For Prostitution,2014,0,0,0,0,0,0,0,0,0,0,0,0,0,0,0,0,0,0,0,0,0,0,0,0,0,0,0,0
Chhattisgarh,2.7 - For Ransom,2014,5,0,0,0,3,0,3,0,0,0,0,0,0,0,0,0,3,0,3,0,0,0,0,0,0,6,0,6
Chhattisgarh,2.8 - For Revenge,2014,8,0,0,0,0,0,0,4,0,4,3,1,4,0,0,0,0,0,0,0,0,0,0,0,0,7,1,8
Chhattisgarh,2.9 - For Sale,2014,0,0,0,0,0,0,0,0,0,0,0,0,0,0,0,0,0,0,0,0,0,0,0,0,0,0,0,0
Chhattisgarh,2.10 - For Selling Body Parts,2014,0,0,0,0,0,0,0,0,0,0,0,0,0,0,0,0,0,0,0,0,0,0,0,0,0,0,0,0
Chhattisgarh,2.11 - For Slavery,2014,0,0,0,0,0,0,0,0,0,0,0,0,0,0,0,0,0,0,0,0,0,0,0,0,0,0,0,0
Chhattisgarh,2.12 - For Unlawful Activity,2014,5,0,0,0,0,0,0,0,2,2,1,1,2,1,0,1,0,0,0,0,0,0,0,0,0,2,3,5
Chhattisgarh,2.13 - For Murder,2014,8,1,1,2,1,0,1,0,1,1,0,1,1,1,0,1,1,0,1,1,0,1,0,0,0,5,3,8
Chhattisgarh,2.14 - Others purposes,2014,1665,17,29,46,66,49,115,290,457,747,156,505,661,46,65,111,14,13,27,3,1,4,0,0,0,592,1119,1711
Chhattisgarh,2 - Total Kidnapped & abducted,2014,2014,18,38,56,70,53,123,294,562,856,160,689,849,48,91,139,18,15,33,4,1,5,0,0,0,612,1449,2061
Goa,2.1 - For Adoption,2014,0,0,0,0,0,0,0,0,0,0,0,0,0,0,0,0,0,0,0,0,0,0,0,0,0,0,0,0
Goa,2.2 - For Begging,2014,0,0,0,0,0,0,0,0,0,0,0,0,0,0,0,0,0,0,0,0,0,0,0,0,0,0,0,0
Goa,2.3 - For Camel Racing,2014,0,0,0,0,0,0,0,0,0,0,0,0,0,0,0,0,0,0,0,0,0,0,0,0,0,0,0,0
Goa,2.4 - For Illicit Intercourse,2014,0,0,0,0,0,0,0,0,0,0,0,0,0,0,0,0,0,0,0,0,0,0,0,0,0,0,0,0
Goa,2.5 - For Marriage,2014,0,0,0,0,0,0,0,0,0,0,0,0,0,0,0,0,0,0,0,0,0,0,0,0,0,0,0,0
Goa,2.6 - For Prostitution,2014,1,0,0,0,0,0,0,0,0,0,0,1,1,0,0,0,0,0,0,0,0,0,0,0,0,0,1,1
Goa,2.7 - For Ransom,2014,1,0,0,0,0,0,0,0,0,0,0,0,0,0,0,0,1,0,1,0,0,0,0,0,0,1,0,1
Goa,2.8 - For Revenge,2014,0,0,0,0,0,0,0,0,0,0,0,0,0,0,0,0,0,0,0,0,0,0,0,0,0,0,0,0
Goa,2.9 - For Sale,2014,0,0,0,0,0,0,0,0,0,0,0,0,0,0,0,0,0,0,0,0,0,0,0,0,0,0,0,0
Goa,2.10 - For Selling Body Parts,2014,0,0,0,0,0,0,0,0,0,0,0,0,0,0,0,0,0,0,0,0,0,0,0,0,0,0,0,0
Goa,2.11 - For Slavery,2014,0,0,0,0,0,0,0,0,0,0,0,0,0,0,0,0,0,0,0,0,0,0,0,0,0,0,0,0
Goa,2.12 - For Unlawful Activity,2014,0,0,0,0,0,0,0,0,0,0,0,0,0,0,0,0,0,0,0,0,0,0,0,0,0,0,0,0
Goa,2.13 - For Murder,2014,0,0,0,0,0,0,0,0,0,0,0,0,0,0,0,0,0,0,0,0,0,0,0,0,0,0,0,0
Goa,2.14 - Others purposes,2014,150,6,5,11,11,4,15,33,33,66,18,34,52,3,12,15,5,2,7,0,1,1,0,0,0,76,91,167
Goa,2 - Total Kidnapped & abducted,2014,152,6,5,11,11,4,15,33,33,66,18,35,53,3,12,15,6,2,8,0,1,1,0,0,0,77,92,169
Gujarat,2.1 - For Adoption,2014,102,3,1,4,9,6,15,18,12,30,21,21,42,3,8,11,0,0,0,0,0,0,0,0,0,54,48,102
Gujarat,2.2 - For Begging,2014,0,0,0,0,0,0,0,0,0,0,0,0,0,0,0,0,0,0,0,0,0,0,0,0,0,0,0,0
Gujarat,2.3 - For Camel Racing,2014,0,0,0,0,0,0,0,0,0,0,0,0,0,0,0,0,0,0,0,0,0,0,0,0,0,0,0,0
Gujarat,2.4 - For Illicit Intercourse,2014,199,0,1,1,0,6,6,0,59,59,0,131,131,0,3,3,0,0,0,0,0,0,0,0,0,0,200,200
Gujarat,2.5 - For Marriage,2014,1386,0,87,87,2,20,22,0,325,325,0,619,619,6,255,261,0,74,74,0,2,2,0,0,0,8,1382,1390
Gujarat,2.6 - For Prostitution,2014,1,0,0,0,0,0,0,0,0,0,0,0,0,0,1,1,0,0,0,0,0,0,0,0,0,0,1,1
Gujarat,2.7 - For Ransom,2014,36,2,0,2,3,0,3,0,1,1,1,1,2,12,0,12,13,0,13,2,0,2,1,0,1,34,2,36
Gujarat,2.8 - For Revenge,2014,7,1,2,3,0,0,0,0,0,0,2,0,2,1,0,1,1,0,1,0,0,0,0,0,0,5,2,7
Gujarat,2.9 - For Sale,2014,0,0,0,0,0,0,0,0,0,0,0,0,0,0,0,0,0,0,0,0,0,0,0,0,0,0,0,0
Gujarat,2.10 - For Selling Body Parts,2014,0,0,0,0,0,0,0,0,0,0,0,0,0,0,0,0,0,0,0,0,0,0,0,0,0,0,0,0
Gujarat,2.11 - For Slavery,2014,0,0,0,0,0,0,0,0,0,0,0,0,0,0,0,0,0,0,0,0,0,0,0,0,0,0,0,0
Gujarat,2.12 - For Unlawful Activity,2014,0,0,0,0,0,0,0,0,0,0,0,0,0,0,0,0,0,0,0,0,0,0,0,0,0,0,0,0
Gujarat,2.13 - For Murder,2014,4,0,3,3,0,0,0,0,1,1,0,0,0,0,0,0,0,0,0,0,0,0,0,0,0,0,4,4
Gujarat,2.14 - Others purposes,2014,987,89,43,132,35,44,79,99,149,248,67,251,318,81,96,177,38,9,47,15,3,18,4,0,4,428,595,1023
Gujarat,2 - Total Kidnapped & abducted,2014,2722,95,137,232,49,76,125,117,547,664,91,1023,1114,103,363,466,52,83,135,17,5,22,5,0,5,529,2234,2763
Haryana,2.1 - For Adoption,2014,8,1,1,2,1,2,3,1,2,3,0,0,0,0,0,0,0,0,0,0,0,0,0,0,0,3,5,8
Haryana,2.2 - For Begging,2014,0,0,0,0,0,0,0,0,0,0,0,0,0,0,0,0,0,0,0,0,0,0,0,0,0,0,0,0
Haryana,2.3 - For Camel Racing,2014,0,0,0,0,0,0,0,0,0,0,0,0,0,0,0,0,0,0,0,0,0,0,0,0,0,0,0,0
Haryana,2.4 - For Illicit Intercourse,2014,231,0,0,0,0,1,1,0,12,12,0,21,21,0,111,111,0,87,87,0,0,0,0,0,0,0,232,232
Haryana,2.5 - For Marriage,2014,886,0,2,2,0,2,2,0,61,61,1,191,192,0,564,564,0,64,64,0,5,5,0,0,0,1,889,890
Haryana,2.6 - For Prostitution,2014,0,0,0,0,0,0,0,0,0,0,0,0,0,0,0,0,0,0,0,0,0,0,0,0,0,0,0,0
Haryana,2.7 - For Ransom,2014,14,0,0,0,2,0,2,0,0,0,1,0,1,6,1,7,3,0,3,1,0,1,0,0,0,13,1,14
Haryana,2.8 - For Revenge,2014,0,0,0,0,0,0,0,0,0,0,0,0,0,0,0,0,0,0,0,0,0,0,0,0,0,0,0,0
Haryana,2.9 - For Sale,2014,0,0,0,0,0,0,0,0,0,0,0,0,0,0,0,0,0,0,0,0,0,0,0,0,0,0,0,0
Haryana,2.10 - For Selling Body Parts,2014,0,0,0,0,0,0,0,0,0,0,0,0,0,0,0,0,0,0,0,0,0,0,0,0,0,0,0,0
Haryana,2.11 - For Slavery,2014,0,0,0,0,0,0,0,0,0,0,0,0,0,0,0,0,0,0,0,0,0,0,0,0,0,0,0,0
Haryana,2.12 - For Unlawful Activity,2014,9,0,2,2,2,0,2,0,0,0,0,0,0,1,0,1,4,0,4,0,0,0,0,0,0,7,2,9
Haryana,2.13 - For Murder,2014,15,0,2,2,1,0,1,1,0,1,2,0,2,7,1,8,0,0,0,0,0,0,0,1,1,11,4,15
Haryana,2.14 - Others purposes,2014,1919,29,23,52,59,26,85,120,93,213,97,92,189,395,454,849,266,155,421,85,43,128,14,4,18,1065,890,1955
Haryana,2 - Total Kidnapped & abducted,2014,3082,30,30,60,65,31,96,122,168,290,101,304,405,409,1131,1540,273,306,579,86,48,134,14,5,19,1100,2023,3123
Himachal Pradesh,2.1 - For Adoption,2014,2,0,0,0,0,1,1,0,1,1,0,0,0,0,0,0,0,0,0,0,0,0,0,0,0,0,2,2
Himachal Pradesh,2.2 - For Begging,2014,0,0,0,0,0,0,0,0,0,0,0,0,0,0,0,0,0,0,0,0,0,0,0,0,0,0,0,0
Himachal Pradesh,2.3 - For Camel Racing,2014,0,0,0,0,0,0,0,0,0,0,0,0,0,0,0,0,0,0,0,0,0,0,0,0,0,0,0,0
Himachal Pradesh,2.4 - For Illicit Intercourse,2014,12,0,0,0,0,1,1,0,3,3,0,8,8,0,0,0,0,0,0,0,0,0,0,0,0,0,12,12
Himachal Pradesh,2.5 - For Marriage,2014,175,0,0,0,0,3,3,0,42,42,0,69,69,0,58,58,0,7,7,0,0,0,0,0,0,0,179,179
Himachal Pradesh,2.6 - For Prostitution,2014,0,0,0,0,0,0,0,0,0,0,0,0,0,0,0,0,0,0,0,0,0,0,0,0,0,0,0,0
Himachal Pradesh,2.7 - For Ransom,2014,1,0,0,0,0,0,0,0,0,0,0,1,1,0,0,0,0,0,0,0,0,0,0,0,0,0,1,1
Himachal Pradesh,2.8 - For Revenge,2014,0,0,0,0,0,0,0,0,0,0,0,0,0,0,0,0,0,0,0,0,0,0,0,0,0,0,0,0
Himachal Pradesh,2.9 - For Sale,2014,0,0,0,0,0,0,0,0,0,0,0,0,0,0,0,0,0,0,0,0,0,0,0,0,0,0,0,0
Himachal Pradesh,2.10 - For Selling Body Parts,2014,0,0,0,0,0,0,0,0,0,0,0,0,0,0,0,0,0,0,0,0,0,0,0,0,0,0,0,0
Himachal Pradesh,2.11 - For Slavery,2014,0,0,0,0,0,0,0,0,0,0,0,0,0,0,0,0,0,0,0,0,0,0,0,0,0,0,0,0
Himachal Pradesh,2.12 - For Unlawful Activity,2014,0,0,0,0,0,0,0,0,0,0,0,0,0,0,0,0,0,0,0,0,0,0,0,0,0,0,0,0
Himachal Pradesh,2.13 - For Murder,2014,2,1,0,1,0,0,0,1,0,1,0,0,0,0,0,0,0,0,0,0,0,0,0,0,0,2,0,2
Himachal Pradesh,2.14 - Others purposes,2014,112,1,0,1,7,3,10,43,15,58,7,11,18,3,18,21,4,0,4,1,1,2,0,0,0,66,48,114
Himachal Pradesh,2 - Total Kidnapped & abducted,2014,304,2,0,2,7,8,15,44,61,105,7,89,96,3,76,79,4,7,11,1,1,2,0,0,0,68,242,310
Jammu & Kashmir,2.1 - For Adoption,2014,0,0,0,0,0,0,0,0,0,0,0,0,0,0,0,0,0,0,0,0,0,0,0,0,0,0,0,0
Jammu & Kashmir,2.2 - For Begging,2014,0,0,0,0,0,0,0,0,0,0,0,0,0,0,0,0,0,0,0,0,0,0,0,0,0,0,0,0
Jammu & Kashmir,2.3 - For Camel Racing,2014,0,0,0,0,0,0,0,0,0,0,0,0,0,0,0,0,0,0,0,0,0,0,0,0,0,0,0,0
Jammu & Kashmir,2.4 - For Illicit Intercourse,2014,160,0,0,0,0,0,0,0,15,15,0,60,60,0,65,65,0,20,20,0,0,0,0,0,0,0,160,160
Jammu & Kashmir,2.5 - For Marriage,2014,236,0,0,0,0,0,0,0,0,0,0,0,0,0,184,184,0,52,52,0,0,0,0,0,0,0,236,236
Jammu & Kashmir,2.6 - For Prostitution,2014,0,0,0,0,0,0,0,0,0,0,0,0,0,0,0,0,0,0,0,0,0,0,0,0,0,0,0,0
Jammu & Kashmir,2.7 - For Ransom,2014,0,0,0,0,0,0,0,0,0,0,0,0,0,0,0,0,0,0,0,0,0,0,0,0,0,0,0,0
Jammu & Kashmir,2.8 - For Revenge,2014,1,0,0,0,1,0,1,0,0,0,0,0,0,0,0,0,0,0,0,0,0,0,0,0,0,1,0,1
Jammu & Kashmir,2.9 - For Sale,2014,0,0,0,0,0,0,0,0,0,0,0,0,0,0,0,0,0,0,0,0,0,0,0,0,0,0,0,0
Jammu & Kashmir,2.10 - For Selling Body Parts,2014,0,0,0,0,0,0,0,0,0,0,0,0,0,0,0,0,0,0,0,0,0,0,0,0,0,0,0,0
Jammu & Kashmir,2.11 - For Slavery,2014,0,0,0,0,0,0,0,0,0,0,0,0,0,0,0,0,0,0,0,0,0,0,0,0,0,0,0,0
Jammu & Kashmir,2.12 - For Unlawful Activity,2014,0,0,0,0,0,0,0,0,0,0,0,0,0,0,0,0,0,0,0,0,0,0,0,0,0,0,0,0
Jammu & Kashmir,2.13 - For Murder,2014,5,0,0,0,0,0,0,0,0,0,0,0,0,3,0,3,1,0,1,1,0,1,0,0,0,5,0,5
Jammu & Kashmir,2.14 - Others purposes,2014,458,0,0,0,0,0,0,0,7,7,0,56,56,28,272,300,11,84,95,1,1,2,0,0,0,40,420,460
Jammu & Kashmir,2 - Total Kidnapped & abducted,2014,860,0,0,0,1,0,1,0,22,22,0,116,116,31,521,552,12,156,168,2,1,3,0,0,0,46,816,862
Jharkhand,2.1 - For Adoption,2014,18,0,0,0,0,0,0,0,0,0,0,0,0,14,1,15,3,0,3,0,0,0,0,0,0,17,1,18
Jharkhand,2.2 - For Begging,2014,0,0,0,0,0,0,0,0,0,0,0,0,0,0,0,0,0,0,0,0,0,0,0,0,0,0,0,0
Jharkhand,2.3 - For Camel Racing,2014,0,0,0,0,0,0,0,0,0,0,0,0,0,0,0,0,0,0,0,0,0,0,0,0,0,0,0,0
Jharkhand,2.4 - For Illicit Intercourse,2014,0,0,0,0,0,0,0,0,0,0,0,0,0,0,0,0,0,0,0,0,0,0,0,0,0,0,0,0
Jharkhand,2.5 - For Marriage,2014,819,0,2,2,0,0,0,0,22,22,0,39,39,0,637,637,0,109,109,0,10,10,0,0,0,0,819,819
Jharkhand,2.6 - For Prostitution,2014,1,0,0,0,0,0,0,0,0,0,0,0,0,0,1,1,0,0,0,0,0,0,0,0,0,0,1,1
Jharkhand,2.7 - For Ransom,2014,38,2,0,2,0,0,0,0,0,0,0,0,0,22,1,23,10,1,11,0,0,0,2,0,2,36,2,38
Jharkhand,2.8 - For Revenge,2014,0,0,0,0,0,0,0,0,0,0,0,0,0,0,0,0,0,0,0,0,0,0,0,0,0,0,0,0
Jharkhand,2.9 - For Sale,2014,8,0,0,0,0,0,0,0,0,0,0,0,0,0,2,2,0,6,6,0,0,0,0,0,0,0,8,8
Jharkhand,2.10 - For Selling Body Parts,2014,0,0,0,0,0,0,0,0,0,0,0,0,0,0,0,0,0,0,0,0,0,0,0,0,0,0,0,0
Jharkhand,2.11 - For Slavery,2014,0,0,0,0,0,0,0,0,0,0,0,0,0,0,0,0,0,0,0,0,0,0,0,0,0,0,0,0
Jharkhand,2.12 - For Unlawful Activity,2014,0,0,0,0,0,0,0,0,0,0,0,0,0,0,0,0,0,0,0,0,0,0,0,0,0,0,0,0
Jharkhand,2.13 - For Murder,2014,24,0,0,0,0,0,0,0,0,0,0,0,0,9,2,11,10,2,12,1,0,1,0,0,0,20,4,24
Jharkhand,2.14 - Others purposes,2014,515,5,0,5,4,1,5,3,5,8,11,0,11,279,27,306,121,8,129,15,0,15,26,11,37,464,52,516
Jharkhand,2 - Total Kidnapped & abducted,2014,1423,7,2,9,4,1,5,3,27,30,11,39,50,324,671,995,144,126,270,16,10,26,28,11,39,537,887,1424
Karnataka,2.1 - For Adoption,2014,46,1,0,1,0,0,0,0,26,26,0,18,18,0,1,1,0,0,0,0,0,0,0,0,0,1,45,46
Karnataka,2.2 - For Begging,2014,0,0,0,0,0,0,0,0,0,0,0,0,0,0,0,0,0,0,0,0,0,0,0,0,0,0,0,0
Karnataka,2.3 - For Camel Racing,2014,0,0,0,0,0,0,0,0,0,0,0,0,0,0,0,0,0,0,0,0,0,0,0,0,0,0,0,0
Karnataka,2.4 - For Illicit Intercourse,2014,1,0,0,0,0,0,0,0,0,0,0,1,1,0,0,0,0,0,0,0,0,0,0,0,0,0,1,1
Karnataka,2.5 - For Marriage,2014,213,0,1,1,0,0,0,0,16,16,0,105,105,1,91,92,0,0,0,0,0,0,0,0,0,1,213,214
Karnataka,2.6 - For Prostitution,2014,0,0,0,0,0,0,0,0,0,0,0,0,0,0,0,0,0,0,0,0,0,0,0,0,0,0,0,0
Karnataka,2.7 - For Ransom,2014,40,4,0,4,3,0,3,1,1,2,1,1,2,14,3,17,10,3,13,0,0,0,0,0,0,33,8,41
Karnataka,2.8 - For Revenge,2014,5,0,0,0,0,0,0,0,0,0,0,0,0,2,0,2,2,0,2,1,0,1,0,0,0,5,0,5
Karnataka,2.9 - For Sale,2014,0,0,0,0,0,0,0,0,0,0,0,0,0,0,0,0,0,0,0,0,0,0,0,0,0,0,0,0
Karnataka,2.10 - For Selling Body Parts,2014,0,0,0,0,0,0,0,0,0,0,0,0,0,0,0,0,0,0,0,0,0,0,0,0,0,0,0,0
Karnataka,2.11 - For Slavery,2014,0,0,0,0,0,0,0,0,0,0,0,0,0,0,0,0,0,0,0,0,0,0,0,0,0,0,0,0
Karnataka,2.12 - For Unlawful Activity,2014,6,0,0,0,0,0,0,0,0,0,0,3,3,2,0,2,1,0,1,0,0,0,0,0,0,3,3,6
Karnataka,2.13 - For Murder,2014,0,0,0,0,0,0,0,0,0,0,0,0,0,0,0,0,0,0,0,0,0,0,0,0,0,0,0,0
Karnataka,2.14 - Others purposes,2014,1622,11,20,31,12,34,46,62,330,392,55,481,536,164,299,463,91,72,163,26,6,32,1,0,1,422,1242,1664
Karnataka,2 - Total Kidnapped & abducted,2014,1933,16,21,37,15,34,49,63,373,436,56,609,665,183,394,577,104,75,179,27,6,33,1,0,1,465,1512,1977
Kerala,2.1 - For Adoption,2014,1,0,0,0,0,0,0,0,1,1,0,0,0,0,0,0,0,0,0,0,0,0,0,0,0,0,1,1
Kerala,2.2 - For Begging,2014,2,2,0,2,0,0,0,0,0,0,0,0,0,0,0,0,0,0,0,0,0,0,0,0,0,2,0,2
Kerala,2.3 - For Camel Racing,2014,0,0,0,0,0,0,0,0,0,0,0,0,0,0,0,0,0,0,0,0,0,0,0,0,0,0,0,0
Kerala,2.4 - For Illicit Intercourse,2014,2,0,0,0,0,0,0,0,0,0,0,0,0,2,0,2,0,0,0,0,0,0,0,0,0,2,0,2
Kerala,2.5 - For Marriage,2014,92,0,0,0,0,0,0,0,14,14,3,66,69,0,8,8,0,2,2,0,0,0,0,0,0,3,90,93
Kerala,2.6 - For Prostitution,2014,0,0,0,0,0,0,0,0,0,0,0,0,0,0,0,0,0,0,0,0,0,0,0,0,0,0,0,0
Kerala,2.7 - For Ransom,2014,4,0,0,0,0,0,0,0,0,0,0,0,0,3,0,3,0,0,0,0,0,0,1,0,1,4,0,4
Kerala,2.8 - For Revenge,2014,3,0,0,0,0,0,0,0,0,0,0,0,0,0,1,1,2,0,2,0,0,0,0,0,0,2,1,3
Kerala,2.9 - For Sale,2014,0,0,0,0,0,0,0,0,0,0,0,0,0,0,0,0,0,0,0,0,0,0,0,0,0,0,0,0
Kerala,2.10 - For Selling Body Parts,2014,0,0,0,0,0,0,0,0,0,0,0,0,0,0,0,0,0,0,0,0,0,0,0,0,0,0,0,0
Kerala,2.11 - For Slavery,2014,0,0,0,0,0,0,0,0,0,0,0,0,0,0,0,0,0,0,0,0,0,0,0,0,0,0,0,0
Kerala,2.12 - For Unlawful Activity,2014,0,0,0,0,0,0,0,0,0,0,0,0,0,0,0,0,0,0,0,0,0,0,0,0,0,0,0,0
Kerala,2.13 - For Murder,2014,0,0,0,0,0,0,0,0,0,0,0,0,0,0,0,0,0,0,0,0,0,0,0,0,0,0,0,0
Kerala,2.14 - Others purposes,2014,118,3,5,8,0,3,3,6,5,11,3,21,24,27,14,41,24,4,28,6,1,7,0,0,0,69,53,122
Kerala,2 - Total Kidnapped & abducted,2014,222,5,5,10,0,3,3,6,20,26,6,87,93,32,23,55,26,6,32,6,1,7,1,0,1,82,145,227
Madhya Pradesh,2.1 - For Adoption,2014,0,0,0,0,0,0,0,0,0,0,0,0,0,0,0,0,0,0,0,0,0,0,0,0,0,0,0,0
Madhya Pradesh,2.2 - For Begging,2014,0,0,0,0,0,0,0,0,0,0,0,0,0,0,0,0,0,0,0,0,0,0,0,0,0,0,0,0
Madhya Pradesh,2.3 - For Camel Racing,2014,0,0,0,0,0,0,0,0,0,0,0,0,0,0,0,0,0,0,0,0,0,0,0,0,0,0,0,0
Madhya Pradesh,2.4 - For Illicit Intercourse,2014,229,0,0,0,0,0,0,0,68,68,0,69,69,0,53,53,0,39,39,0,0,0,0,0,0,0,229,229
Madhya Pradesh,2.5 - For Marriage,2014,2365,0,3,3,0,41,41,1,489,490,0,1260,1260,0,418,418,0,143,143,0,10,10,0,0,0,1,2364,2365
Madhya Pradesh,2.6 - For Prostitution,2014,1,0,0,0,0,0,0,0,0,0,0,0,0,0,2,2,0,0,0,0,0,0,0,0,0,0,2,2
Madhya Pradesh,2.7 - For Ransom,2014,31,3,0,3,0,2,2,3,0,3,3,0,3,12,0,12,11,0,11,1,0,1,0,0,0,33,2,35
Madhya Pradesh,2.8 - For Revenge,2014,3,0,0,0,0,0,0,2,0,2,0,0,0,1,0,1,0,0,0,0,0,0,0,0,0,3,0,3
Madhya Pradesh,2.9 - For Sale,2014,1,0,0,0,0,0,0,0,0,0,0,0,0,0,1,1,0,0,0,0,0,0,0,0,0,0,1,1
Madhya Pradesh,2.10 - For Selling Body Parts,2014,0,0,0,0,0,0,0,0,0,0,0,0,0,0,0,0,0,0,0,0,0,0,0,0,0,0,0,0
Madhya Pradesh,2.11 - For Slavery,2014,0,0,0,0,0,0,0,0,0,0,0,0,0,0,0,0,0,0,0,0,0,0,0,0,0,0,0,0
Madhya Pradesh,2.12 - For Unlawful Activity,2014,0,0,0,0,0,0,0,0,0,0,0,0,0,0,0,0,0,0,0,0,0,0,0,0,0,0,0,0
Madhya Pradesh,2.13 - For Murder,2014,18,1,0,1,0,0,0,1,0,1,0,0,0,6,6,12,1,3,4,0,0,0,0,0,0,9,9,18
Madhya Pradesh,2.14 - Others purposes,2014,5185,82,34,116,332,241,573,728,1102,1830,691,1237,1928,205,373,578,102,127,229,12,17,29,4,0,4,2156,3131,5287
Madhya Pradesh,2 - Total Kidnapped & abducted,2014,7833,86,37,123,332,284,616,735,1659,2394,694,2566,3260,224,853,1077,114,312,426,13,27,40,4,0,4,2202,5738,7940
Maharashtra,2.1 - For Adoption,2014,4,2,1,3,0,0,0,0,0,0,0,0,0,0,1,1,0,0,0,0,0,0,0,0,0,2,2,4
Maharashtra,2.2 - For Begging,2014,3,0,1,1,2,0,2,0,0,0,0,0,0,0,0,0,0,0,0,0,0,0,0,0,0,2,1,3
Maharashtra,2.3 - For Camel Racing,2014,0,0,0,0,0,0,0,0,0,0,0,0,0,0,0,0,0,0,0,0,0,0,0,0,0,0,0,0
Maharashtra,2.4 - For Illicit Intercourse,2014,124,1,0,1,0,5,5,3,24,27,4,41,45,3,25,28,3,13,16,0,4,4,0,0,0,14,112,126
Maharashtra,2.5 - For Marriage,2014,1060,0,2,2,0,6,6,0,262,262,0,375,375,0,286,286,0,139,139,0,2,2,0,0,0,0,1072,1072
Maharashtra,2.6 - For Prostitution,2014,10,0,0,0,0,0,0,0,7,7,0,6,6,0,8,8,3,1,4,0,0,0,0,0,0,3,22,25
Maharashtra,2.7 - For Ransom,2014,34,2,2,4,5,0,5,1,0,1,0,1,1,9,2,11,8,3,11,1,0,1,0,0,0,26,8,34
Maharashtra,2.8 - For Revenge,2014,15,1,1,2,0,0,0,1,0,1,2,0,2,3,3,6,2,1,3,1,0,1,0,0,0,10,5,15
Maharashtra,2.9 - For Sale,2014,1,0,1,1,0,0,0,0,0,0,0,0,0,0,0,0,0,0,0,0,0,0,0,0,0,0,1,1
Maharashtra,2.10 - For Selling Body Parts,2014,0,0,0,0,0,0,0,0,0,0,0,0,0,0,0,0,0,0,0,0,0,0,0,0,0,0,0,0
Maharashtra,2.11 - For Slavery,2014,0,0,0,0,0,0,0,0,0,0,0,0,0,0,0,0,0,0,0,0,0,0,0,0,0,0,0,0
Maharashtra,2.12 - For Unlawful Activity,2014,96,0,0,0,2,0,2,7,1,8,0,18,18,15,28,43,17,8,25,0,0,0,0,0,0,41,55,96
Maharashtra,2.13 - For Murder,2014,35,0,1,1,5,2,7,6,6,12,1,2,3,9,0,9,3,0,3,0,0,0,0,0,0,24,11,35
Maharashtra,2.14 - Others purposes,2014,2411,134,145,279,269,129,398,378,387,765,114,343,457,172,179,351,115,103,218,28,8,36,7,0,7,1217,1294,2511
Maharashtra,2 - Total Kidnapped & abducted,2014,3793,140,154,294,283,142,425,396,687,1083,121,786,907,211,532,743,151,268,419,30,14,44,7,0,7,1339,2583,3922
Manipur,2.1 - For Adoption,2014,0,0,0,0,0,0,0,0,0,0,0,0,0,0,0,0,0,0,0,0,0,0,0,0,0,0,0,0
Manipur,2.2 - For Begging,2014,0,0,0,0,0,0,0,0,0,0,0,0,0,0,0,0,0,0,0,0,0,0,0,0,0,0,0,0
Manipur,2.3 - For Camel Racing,2014,0,0,0,0,0,0,0,0,0,0,0,0,0,0,0,0,0,0,0,0,0,0,0,0,0,0,0,0
Manipur,2.4 - For Illicit Intercourse,2014,0,0,0,0,0,0,0,0,0,0,0,0,0,0,0,0,0,0,0,0,0,0,0,0,0,0,0,0
Manipur,2.5 - For Marriage,2014,104,0,0,0,0,0,0,0,39,39,0,15,15,0,36,36,0,13,13,0,1,1,0,0,0,0,104,104
Manipur,2.6 - For Prostitution,2014,0,0,0,0,0,0,0,0,0,0,0,0,0,0,0,0,0,0,0,0,0,0,0,0,0,0,0,0
Manipur,2.7 - For Ransom,2014,13,0,0,0,0,0,0,3,0,3,1,3,4,4,0,4,5,2,7,2,0,2,0,0,0,15,5,20
Manipur,2.8 - For Revenge,2014,0,0,0,0,0,0,0,0,0,0,0,0,0,0,0,0,0,0,0,0,0,0,0,0,0,0,0,0
Manipur,2.9 - For Sale,2014,0,0,0,0,0,0,0,0,0,0,0,0,0,0,0,0,0,0,0,0,0,0,0,0,0,0,0,0
Manipur,2.10 - For Selling Body Parts,2014,0,0,0,0,0,0,0,0,0,0,0,0,0,0,0,0,0,0,0,0,0,0,0,0,0,0,0,0
Manipur,2.11 - For Slavery,2014,0,0,0,0,0,0,0,0,0,0,0,0,0,0,0,0,0,0,0,0,0,0,0,0,0,0,0,0
Manipur,2.12 - For Unlawful Activity,2014,0,0,0,0,0,0,0,0,0,0,0,0,0,0,0,0,0,0,0,0,0,0,0,0,0,0,0,0
Manipur,2.13 - For Murder,2014,0,0,0,0,0,0,0,0,0,0,0,0,0,0,0,0,0,0,0,0,0,0,0,0,0,0,0,0
Manipur,2.14 - Others purposes,2014,65,2,0,2,0,2,2,0,1,1,0,4,4,23,9,32,30,3,33,2,0,2,1,0,1,58,19,77
Manipur,2 - Total Kidnapped & abducted,2014,182,2,0,2,0,2,2,3,40,43,1,22,23,27,45,72,35,18,53,4,1,5,1,0,1,73,128,201
Meghalaya,2.1 - For Adoption,2014,0,0,0,0,0,0,0,0,0,0,0,0,0,0,0,0,0,0,0,0,0,0,0,0,0,0,0,0
Meghalaya,2.2 - For Begging,2014,0,0,0,0,0,0,0,0,0,0,0,0,0,0,0,0,0,0,0,0,0,0,0,0,0,0,0,0
Meghalaya,2.3 - For Camel Racing,2014,0,0,0,0,0,0,0,0,0,0,0,0,0,0,0,0,0,0,0,0,0,0,0,0,0,0,0,0
Meghalaya,2.4 - For Illicit Intercourse,2014,1,0,0,0,0,0,0,0,1,1,0,0,0,0,0,0,0,0,0,0,0,0,0,0,0,0,1,1
Meghalaya,2.5 - For Marriage,2014,9,0,0,0,0,0,0,0,0,0,0,0,0,0,9,9,0,0,0,0,1,1,0,0,0,0,10,10
Meghalaya,2.6 - For Prostitution,2014,0,0,0,0,0,0,0,0,0,0,0,0,0,0,0,0,0,0,0,0,0,0,0,0,0,0,0,0
Meghalaya,2.7 - For Ransom,2014,28,1,0,1,2,0,2,0,0,0,0,0,0,18,1,19,7,0,7,0,0,0,0,0,0,28,1,29
Meghalaya,2.8 - For Revenge,2014,0,0,0,0,0,0,0,0,0,0,0,0,0,0,0,0,0,0,0,0,0,0,0,0,0,0,0,0
Meghalaya,2.9 - For Sale,2014,0,0,0,0,0,0,0,0,0,0,0,0,0,0,0,0,0,0,0,0,0,0,0,0,0,0,0,0
Meghalaya,2.10 - For Selling Body Parts,2014,0,0,0,0,0,0,0,0,0,0,0,0,0,0,0,0,0,0,0,0,0,0,0,0,0,0,0,0
Meghalaya,2.11 - For Slavery,2014,0,0,0,0,0,0,0,0,0,0,0,0,0,0,0,0,0,0,0,0,0,0,0,0,0,0,0,0
Meghalaya,2.12 - For Unlawful Activity,2014,1,0,0,0,0,0,0,0,0,0,0,0,0,0,1,1,0,0,0,0,0,0,0,0,0,0,1,1
Meghalaya,2.13 - For Murder,2014,2,0,0,0,0,0,0,0,0,0,0,0,0,2,0,2,0,0,0,0,0,0,0,0,0,2,0,2
Meghalaya,2.14 - Others purposes,2014,138,1,0,1,2,0,2,5,4,9,15,12,27,61,13,74,23,3,26,8,1,9,0,0,0,115,33,148
Meghalaya,2 - Total Kidnapped & abducted,2014,179,2,0,2,4,0,4,5,5,10,15,12,27,81,24,105,30,3,33,8,2,10,0,0,0,145,46,191
Mizoram,2.1 - For Adoption,2014,0,0,0,0,0,0,0,0,0,0,0,0,0,0,0,0,0,0,0,0,0,0,0,0,0,0,0,0
Mizoram,2.2 - For Begging,2014,0,0,0,0,0,0,0,0,0,0,0,0,0,0,0,0,0,0,0,0,0,0,0,0,0,0,0,0
Mizoram,2.3 - For Camel Racing,2014,0,0,0,0,0,0,0,0,0,0,0,0,0,0,0,0,0,0,0,0,0,0,0,0,0,0,0,0
Mizoram,2.4 - For Illicit Intercourse,2014,0,0,0,0,0,0,0,0,0,0,0,0,0,0,0,0,0,0,0,0,0,0,0,0,0,0,0,0
Mizoram,2.5 - For Marriage,2014,0,0,0,0,0,0,0,0,0,0,0,0,0,0,0,0,0,0,0,0,0,0,0,0,0,0,0,0
Mizoram,2.6 - For Prostitution,2014,0,0,0,0,0,0,0,0,0,0,0,0,0,0,0,0,0,0,0,0,0,0,0,0,0,0,0,0
Mizoram,2.7 - For Ransom,2014,2,0,0,0,0,0,0,0,0,0,0,0,0,11,0,11,7,0,7,1,0,1,0,0,0,19,0,19
Mizoram,2.8 - For Revenge,2014,0,0,0,0,0,0,0,0,0,0,0,0,0,0,0,0,0,0,0,0,0,0,0,0,0,0,0,0
Mizoram,2.9 - For Sale,2014,0,0,0,0,0,0,0,0,0,0,0,0,0,0,0,0,0,0,0,0,0,0,0,0,0,0,0,0
Mizoram,2.10 - For Selling Body Parts,2014,0,0,0,0,0,0,0,0,0,0,0,0,0,0,0,0,0,0,0,0,0,0,0,0,0,0,0,0
Mizoram,2.11 - For Slavery,2014,0,0,0,0,0,0,0,0,0,0,0,0,0,0,0,0,0,0,0,0,0,0,0,0,0,0,0,0
Mizoram,2.12 - For Unlawful Activity,2014,0,0,0,0,0,0,0,0,0,0,0,0,0,0,0,0,0,0,0,0,0,0,0,0,0,0,0,0
Mizoram,2.13 - For Murder,2014,0,0,0,0,0,0,0,0,0,0,0,0,0,0,0,0,0,0,0,0,0,0,0,0,0,0,0,0
Mizoram,2.14 - Others purposes,2014,5,0,0,0,0,0,0,0,2,2,0,0,0,1,1,2,2,0,2,0,0,0,0,0,0,3,3,6
Mizoram,2 - Total Kidnapped & abducted,2014,7,0,0,0,0,0,0,0,2,2,0,0,0,12,1,13,9,0,9,1,0,1,0,0,0,22,3,25
Nagaland,2.1 - For Adoption,2014,0,0,0,0,0,0,0,0,0,0,0,0,0,0,0,0,0,0,0,0,0,0,0,0,0,0,0,0
Nagaland,2.2 - For Begging,2014,0,0,0,0,0,0,0,0,0,0,0,0,0,0,0,0,0,0,0,0,0,0,0,0,0,0,0,0
Nagaland,2.3 - For Camel Racing,2014,0,0,0,0,0,0,0,0,0,0,0,0,0,0,0,0,0,0,0,0,0,0,0,0,0,0,0,0
Nagaland,2.4 - For Illicit Intercourse,2014,0,0,0,0,0,0,0,0,0,0,0,0,0,0,0,0,0,0,0,0,0,0,0,0,0,0,0,0
Nagaland,2.5 - For Marriage,2014,2,0,0,0,0,0,0,0,0,0,0,2,2,0,0,0,0,0,0,0,0,0,0,0,0,0,2,2
Nagaland,2.6 - For Prostitution,2014,0,0,0,0,0,0,0,0,0,0,0,0,0,0,0,0,0,0,0,0,0,0,0,0,0,0,0,0
Nagaland,2.7 - For Ransom,2014,7,0,0,0,0,0,0,0,0,0,0,0,0,3,0,3,3,0,3,2,0,2,0,0,0,8,0,8
Nagaland,2.8 - For Revenge,2014,0,0,0,0,0,0,0,0,0,0,0,0,0,0,0,0,0,0,0,0,0,0,0,0,0,0,0,0
Nagaland,2.9 - For Sale,2014,0,0,0,0,0,0,0,0,0,0,0,0,0,0,0,0,0,0,0,0,0,0,0,0,0,0,0,0
Nagaland,2.10 - For Selling Body Parts,2014,0,0,0,0,0,0,0,0,0,0,0,0,0,0,0,0,0,0,0,0,0,0,0,0,0,0,0,0
Nagaland,2.11 - For Slavery,2014,0,0,0,0,0,0,0,0,0,0,0,0,0,0,0,0,0,0,0,0,0,0,0,0,0,0,0,0
Nagaland,2.12 - For Unlawful Activity,2014,0,0,0,0,0,0,0,0,0,0,0,0,0,0,0,0,0,0,0,0,0,0,0,0,0,0,0,0
Nagaland,2.13 - For Murder,2014,0,0,0,0,0,0,0,0,0,0,0,0,0,0,0,0,0,0,0,0,0,0,0,0,0,0,0,0
Nagaland,2.14 - Others purposes,2014,28,1,0,1,0,1,1,2,0,2,0,1,1,5,8,13,7,3,10,2,0,2,0,0,0,17,13,30
Nagaland,2 - Total Kidnapped & abducted,2014,37,1,0,1,0,1,1,2,0,2,0,3,3,8,8,16,10,3,13,4,0,4,0,0,0,25,15,40
Odisha,2.1 - For Adoption,2014,0,0,0,0,0,0,0,0,0,0,0,0,0,0,0,0,0,0,0,0,0,0,0,0,0,0,0,0
Odisha,2.2 - For Begging,2014,0,0,0,0,0,0,0,0,0,0,0,0,0,0,0,0,0,0,0,0,0,0,0,0,0,0,0,0
Odisha,2.3 - For Camel Racing,2014,0,0,0,0,0,0,0,0,0,0,0,0,0,0,0,0,0,0,0,0,0,0,0,0,0,0,0,0
Odisha,2.4 - For Illicit Intercourse,2014,163,0,0,0,0,2,2,0,37,37,0,67,67,0,48,48,0,9,9,0,0,0,0,0,0,0,163,163
Odisha,2.5 - For Marriage,2014,1313,0,0,0,0,0,0,0,70,70,0,196,196,0,909,909,0,134,134,0,4,4,0,0,0,0,1313,1313
Odisha,2.6 - For Prostitution,2014,0,0,0,0,0,0,0,0,0,0,0,0,0,0,0,0,0,0,0,0,0,0,0,0,0,0,0,0
Odisha,2.7 - For Ransom,2014,14,0,0,0,3,0,3,0,2,2,0,0,0,7,0,7,0,2,2,0,0,0,0,0,0,10,4,14
Odisha,2.8 - For Revenge,2014,0,0,0,0,0,0,0,0,0,0,0,0,0,0,0,0,0,0,0,0,0,0,0,0,0,0,0,0
Odisha,2.9 - For Sale,2014,0,0,0,0,0,0,0,0,0,0,0,0,0,0,0,0,0,0,0,0,0,0,0,0,0,0,0,0
Odisha,2.10 - For Selling Body Parts,2014,0,0,0,0,0,0,0,0,0,0,0,0,0,0,0,0,0,0,0,0,0,0,0,0,0,0,0,0
Odisha,2.11 - For Slavery,2014,0,0,0,0,0,0,0,0,0,0,0,0,0,0,0,0,0,0,0,0,0,0,0,0,0,0,0,0
Odisha,2.12 - For Unlawful Activity,2014,4,0,0,0,0,0,0,0,0,0,0,0,0,2,2,4,0,0,0,0,0,0,0,0,0,2,2,4
Odisha,2.13 - For Murder,2014,3,1,0,1,0,2,2,0,0,0,0,0,0,0,0,0,0,0,0,0,0,0,0,0,0,1,2,3
Odisha,2.14 - Others purposes,2014,1576,2,18,20,28,27,55,48,127,175,36,136,172,391,530,921,98,133,231,2,0,2,0,0,0,605,971,1576
Odisha,2 - Total Kidnapped & abducted,2014,3073,3,18,21,31,31,62,48,236,284,36,399,435,400,1489,1889,98,278,376,2,4,6,0,0,0,618,2455,3073
Punjab,2.1 - For Adoption,2014,5,2,0,2,1,1,2,0,1,1,0,0,0,0,0,0,0,0,0,0,0,0,0,0,0,3,2,5
Punjab,2.2 - For Begging,2014,2,0,0,0,1,0,1,0,0,0,1,0,1,0,0,0,0,0,0,0,0,0,0,0,0,2,0,2
Punjab,2.3 - For Camel Racing,2014,0,0,0,0,0,0,0,0,0,0,0,0,0,0,0,0,0,0,0,0,0,0,0,0,0,0,0,0
Punjab,2.4 - For Illicit Intercourse,2014,69,0,0,0,0,6,6,0,19,19,0,44,44,0,0,0,0,0,0,0,0,0,0,0,0,0,69,69
Punjab,2.5 - For Marriage,2014,806,0,0,0,0,3,3,0,169,169,0,335,335,0,298,298,0,12,12,0,0,0,0,0,0,0,817,817
Punjab,2.6 - For Prostitution,2014,0,0,0,0,0,0,0,0,0,0,0,0,0,0,0,0,0,0,0,0,0,0,0,0,0,0,0,0
Punjab,2.7 - For Ransom,2014,7,1,1,2,3,0,3,0,0,0,0,0,0,1,0,1,1,0,1,0,0,0,0,0,0,6,1,7
Punjab,2.8 - For Revenge,2014,0,0,0,0,0,0,0,0,0,0,0,0,0,0,0,0,0,0,0,0,0,0,0,0,0,0,0,0
Punjab,2.9 - For Sale,2014,0,0,0,0,0,0,0,0,0,0,0,0,0,0,0,0,0,0,0,0,0,0,0,0,0,0,0,0
Punjab,2.10 - For Selling Body Parts,2014,0,0,0,0,0,0,0,0,0,0,0,0,0,0,0,0,0,0,0,0,0,0,0,0,0,0,0,0
Punjab,2.11 - For Slavery,2014,0,0,0,0,0,0,0,0,0,0,0,0,0,0,0,0,0,0,0,0,0,0,0,0,0,0,0,0
Punjab,2.12 - For Unlawful Activity,2014,0,0,0,0,0,0,0,0,0,0,0,0,0,0,0,0,0,0,0,0,0,0,0,0,0,0,0,0
Punjab,2.13 - For Murder,2014,20,0,0,0,2,0,2,3,0,3,0,0,0,12,0,12,2,0,2,1,0,1,0,0,0,20,0,20
Punjab,2.14 - Others purposes,2014,641,22,4,26,42,15,57,77,50,127,44,66,110,169,129,298,58,51,109,17,4,21,0,0,0,429,319,748
Punjab,2 - Total Kidnapped & abducted,2014,1550,25,5,30,49,25,74,80,239,319,45,445,490,182,427,609,61,63,124,18,4,22,0,0,0,460,1208,1668
Rajasthan,2.1 - For Adoption,2014,20,0,0,0,0,0,0,0,6,6,0,9,9,0,3,3,0,2,2,0,0,0,0,0,0,0,20,20
Rajasthan,2.2 - For Begging,2014,2,0,0,0,2,0,2,0,0,0,0,0,0,1,0,1,0,0,0,0,0,0,0,0,0,3,0,3
Rajasthan,2.3 - For Camel Racing,2014,0,0,0,0,0,0,0,0,0,0,0,0,0,0,0,0,0,0,0,0,0,0,0,0,0,0,0,0
Rajasthan,2.4 - For Illicit Intercourse,2014,54,0,0,0,0,0,0,1,10,11,0,11,11,0,22,22,0,10,10,0,0,0,0,0,0,1,53,54
Rajasthan,2.5 - For Marriage,2014,2383,0,0,0,0,17,17,0,160,160,0,414,414,14,1387,1401,9,355,364,0,32,32,0,0,0,23,2365,2388
Rajasthan,2.6 - For Prostitution,2014,0,0,0,0,0,0,0,0,0,0,0,0,0,0,0,0,0,0,0,0,0,0,0,0,0,0,0,0
Rajasthan,2.7 - For Ransom,2014,21,1,0,1,2,0,2,4,0,4,1,0,1,10,0,10,3,0,3,0,0,0,0,0,0,21,0,21
Rajasthan,2.8 - For Revenge,2014,1,0,0,0,0,0,0,0,0,0,0,0,0,1,0,1,0,0,0,0,0,0,0,0,0,1,0,1
Rajasthan,2.9 - For Sale,2014,0,0,0,0,0,0,0,0,0,0,0,0,0,0,0,0,0,0,0,0,0,0,0,0,0,0,0,0
Rajasthan,2.10 - For Selling Body Parts,2014,0,0,0,0,0,0,0,0,0,0,0,0,0,0,0,0,0,0,0,0,0,0,0,0,0,0,0,0
Rajasthan,2.11 - For Slavery,2014,0,0,0,0,0,0,0,0,0,0,0,0,0,0,0,0,0,0,0,0,0,0,0,0,0,0,0,0
Rajasthan,2.12 - For Unlawful Activity,2014,0,0,0,0,0,0,0,0,0,0,0,0,0,0,0,0,0,0,0,0,0,0,0,0,0,0,0,0
Rajasthan,2.13 - For Murder,2014,2,1,0,1,0,0,0,0,0,0,0,0,0,0,1,1,0,0,0,0,0,0,0,0,0,1,1,2
Rajasthan,2.14 - Others purposes,2014,3188,18,13,31,64,61,125,174,312,486,158,391,549,492,951,1443,257,269,526,32,16,48,4,0,4,1199,2013,3212
Rajasthan,2 - Total Kidnapped & abducted,2014,5671,20,13,33,68,78,146,179,488,667,159,825,984,518,2364,2882,269,636,905,32,48,80,4,0,4,1249,4452,5701
Sikkim,2.1 - For Adoption,2014,0,0,0,0,0,0,0,0,0,0,0,0,0,0,0,0,0,0,0,0,0,0,0,0,0,0,0,0
Sikkim,2.2 - For Begging,2014,0,0,0,0,0,0,0,0,0,0,0,0,0,0,0,0,0,0,0,0,0,0,0,0,0,0,0,0
Sikkim,2.3 - For Camel Racing,2014,0,0,0,0,0,0,0,0,0,0,0,0,0,0,0,0,0,0,0,0,0,0,0,0,0,0,0,0
Sikkim,2.4 - For Illicit Intercourse,2014,9,0,0,0,0,0,0,0,7,7,0,2,2,0,0,0,0,0,0,0,0,0,0,0,0,0,9,9
Sikkim,2.5 - For Marriage,2014,4,0,0,0,0,0,0,2,0,2,2,0,2,0,0,0,0,0,0,0,0,0,0,0,0,4,0,4
Sikkim,2.6 - For Prostitution,2014,0,0,0,0,0,0,0,0,0,0,0,0,0,0,0,0,0,0,0,0,0,0,0,0,0,0,0,0
Sikkim,2.7 - For Ransom,2014,0,0,0,0,0,0,0,0,0,0,0,0,0,0,0,0,0,0,0,0,0,0,0,0,0,0,0,0
Sikkim,2.8 - For Revenge,2014,0,0,0,0,0,0,0,0,0,0,0,0,0,0,0,0,0,0,0,0,0,0,0,0,0,0,0,0
Sikkim,2.9 - For Sale,2014,0,0,0,0,0,0,0,0,0,0,0,0,0,0,0,0,0,0,0,0,0,0,0,0,0,0,0,0
Sikkim,2.10 - For Selling Body Parts,2014,0,0,0,0,0,0,0,0,0,0,0,0,0,0,0,0,0,0,0,0,0,0,0,0,0,0,0,0
Sikkim,2.11 - For Slavery,2014,0,0,0,0,0,0,0,0,0,0,0,0,0,0,0,0,0,0,0,0,0,0,0,0,0,0,0,0
Sikkim,2.12 - For Unlawful Activity,2014,0,0,0,0,0,0,0,0,0,0,0,0,0,0,0,0,0,0,0,0,0,0,0,0,0,0,0,0
Sikkim,2.13 - For Murder,2014,0,0,0,0,0,0,0,0,0,0,0,0,0,0,0,0,0,0,0,0,0,0,0,0,0,0,0,0
Sikkim,2.14 - Others purposes,2014,7,0,0,0,1,1,2,0,1,1,0,3,3,0,1,1,2,0,2,0,0,0,0,0,0,3,6,9
Sikkim,2 - Total Kidnapped & abducted,2014,20,0,0,0,1,1,2,2,8,10,2,5,7,0,1,1,2,0,2,0,0,0,0,0,0,7,15,22
Tamil Nadu,2.1 - For Adoption,2014,37,0,0,0,0,0,0,0,0,0,0,8,8,0,27,27,2,0,2,0,0,0,0,0,0,2,35,37
Tamil Nadu,2.2 - For Begging,2014,1,0,1,1,0,0,0,0,0,0,0,0,0,0,0,0,0,0,0,0,0,0,0,0,0,0,1,1
Tamil Nadu,2.3 - For Camel Racing,2014,0,0,0,0,0,0,0,0,0,0,0,0,0,0,0,0,0,0,0,0,0,0,0,0,0,0,0,0
Tamil Nadu,2.4 - For Illicit Intercourse,2014,60,0,0,0,0,0,0,0,0,0,0,0,0,0,60,60,0,0,0,0,0,0,0,0,0,0,60,60
Tamil Nadu,2.5 - For Marriage,2014,1080,0,3,3,0,3,3,0,71,71,0,265,265,0,664,664,0,80,80,0,1,1,0,0,0,0,1087,1087
Tamil Nadu,2.6 - For Prostitution,2014,0,0,0,0,0,0,0,0,0,0,0,0,0,0,0,0,0,0,0,0,0,0,0,0,0,0,0,0
Tamil Nadu,2.7 - For Ransom,2014,7,0,0,0,0,0,0,0,0,0,0,0,0,1,0,1,7,1,8,0,0,0,0,0,0,8,1,9
Tamil Nadu,2.8 - For Revenge,2014,4,0,0,0,0,0,0,0,0,0,0,0,0,1,1,2,1,1,2,0,0,0,0,0,0,2,2,4
Tamil Nadu,2.9 - For Sale,2014,0,0,0,0,0,0,0,0,0,0,0,0,0,0,0,0,0,0,0,0,0,0,0,0,0,0,0,0
Tamil Nadu,2.10 - For Selling Body Parts,2014,0,0,0,0,0,0,0,0,0,0,0,0,0,0,0,0,0,0,0,0,0,0,0,0,0,0,0,0
Tamil Nadu,2.11 - For Slavery,2014,0,0,0,0,0,0,0,0,0,0,0,0,0,0,0,0,0,0,0,0,0,0,0,0,0,0,0,0
Tamil Nadu,2.12 - For Unlawful Activity,2014,0,0,0,0,0,0,0,0,0,0,0,0,0,0,0,0,0,0,0,0,0,0,0,0,0,0,0,0
Tamil Nadu,2.13 - For Murder,2014,1,0,0,0,0,0,0,0,0,0,0,0,0,1,0,1,0,0,0,0,0,0,0,0,0,1,0,1
Tamil Nadu,2.14 - Others purposes,2014,556,2,5,7,0,1,1,4,5,9,3,24,27,94,253,347,104,40,144,23,1,24,2,0,2,232,329,561
Tamil Nadu,2 - Total Kidnapped & abducted,2014,1746,2,9,11,0,4,4,4,76,80,3,297,300,97,1005,1102,114,122,236,23,2,25,2,0,2,245,1515,1760
Telangana,2.1 - For Adoption,2014,7,0,0,0,0,0,0,0,6,6,0,0,0,0,0,0,0,0,0,1,0,1,0,0,0,1,6,7
Telangana,2.2 - For Begging,2014,0,0,0,0,0,0,0,0,0,0,0,0,0,0,0,0,0,0,0,0,0,0,0,0,0,0,0,0
Telangana,2.3 - For Camel Racing,2014,0,0,0,0,0,0,0,0,0,0,0,0,0,0,0,0,0,0,0,0,0,0,0,0,0,0,0,0
Telangana,2.4 - For Illicit Intercourse,2014,2,0,0,0,0,0,0,0,0,0,0,2,2,0,0,0,0,0,0,0,0,0,0,0,0,0,2,2
Telangana,2.5 - For Marriage,2014,247,0,14,14,0,3,3,0,30,30,0,110,110,0,70,70,0,20,20,0,0,0,0,0,0,0,247,247
Telangana,2.6 - For Prostitution,2014,0,0,0,0,0,0,0,0,0,0,0,0,0,0,0,0,0,0,0,0,0,0,0,0,0,0,0,0
Telangana,2.7 - For Ransom,2014,5,1,0,1,0,0,0,0,1,1,0,0,0,0,1,1,1,0,1,1,0,1,0,0,0,3,2,5
Telangana,2.8 - For Revenge,2014,2,0,0,0,0,0,0,0,0,0,2,0,2,0,0,0,0,0,0,0,0,0,0,0,0,2,0,2
Telangana,2.9 - For Sale,2014,0,0,0,0,0,0,0,0,0,0,0,0,0,0,0,0,0,0,0,0,0,0,0,0,0,0,0,0
Telangana,2.10 - For Selling Body Parts,2014,0,0,0,0,0,0,0,0,0,0,0,0,0,0,0,0,0,0,0,0,0,0,0,0,0,0,0,0
Telangana,2.11 - For Slavery,2014,0,0,0,0,0,0,0,0,0,0,0,0,0,0,0,0,0,0,0,0,0,0,0,0,0,0,0,0
Telangana,2.12 - For Unlawful Activity,2014,0,0,0,0,0,0,0,0,0,0,0,0,0,0,0,0,0,0,0,0,0,0,0,0,0,0,0,0
Telangana,2.13 - For Murder,2014,0,0,0,0,0,0,0,0,0,0,0,0,0,0,0,0,0,0,0,0,0,0,0,0,0,0,0,0
Telangana,2.14 - Others purposes,2014,889,18,19,37,43,60,103,45,92,137,64,127,191,101,147,248,87,60,147,26,6,32,0,1,1,384,512,896
Telangana,2 - Total Kidnapped & abducted,2014,1152,19,33,52,43,63,106,45,129,174,66,239,305,101,218,319,88,80,168,28,6,34,0,1,1,390,769,1159
Tripura,2.1 - For Adoption,2014,0,0,0,0,0,0,0,0,0,0,0,0,0,0,0,0,0,0,0,0,0,0,0,0,0,0,0,0
Tripura,2.2 - For Begging,2014,0,0,0,0,0,0,0,0,0,0,0,0,0,0,0,0,0,0,0,0,0,0,0,0,0,0,0,0
Tripura,2.3 - For Camel Racing,2014,0,0,0,0,0,0,0,0,0,0,0,0,0,0,0,0,0,0,0,0,0,0,0,0,0,0,0,0
Tripura,2.4 - For Illicit Intercourse,2014,0,0,0,0,0,0,0,0,0,0,0,0,0,0,0,0,0,0,0,0,0,0,0,0,0,0,0,0
Tripura,2.5 - For Marriage,2014,79,0,0,0,0,0,0,0,23,23,0,38,38,0,16,16,0,2,2,0,0,0,0,0,0,0,79,79
Tripura,2.6 - For Prostitution,2014,0,0,0,0,0,0,0,0,0,0,0,0,0,0,0,0,0,0,0,0,0,0,0,0,0,0,0,0
Tripura,2.7 - For Ransom,2014,6,1,0,1,0,0,0,0,0,0,0,0,0,8,0,8,0,0,0,0,0,0,0,0,0,9,0,9
Tripura,2.8 - For Revenge,2014,0,0,0,0,0,0,0,0,0,0,0,0,0,0,0,0,0,0,0,0,0,0,0,0,0,0,0,0
Tripura,2.9 - For Sale,2014,0,0,0,0,0,0,0,0,0,0,0,0,0,0,0,0,0,0,0,0,0,0,0,0,0,0,0,0
Tripura,2.10 - For Selling Body Parts,2014,0,0,0,0,0,0,0,0,0,0,0,0,0,0,0,0,0,0,0,0,0,0,0,0,0,0,0,0
Tripura,2.11 - For Slavery,2014,0,0,0,0,0,0,0,0,0,0,0,0,0,0,0,0,0,0,0,0,0,0,0,0,0,0,0,0
Tripura,2.12 - For Unlawful Activity,2014,0,0,0,0,0,0,0,0,0,0,0,0,0,0,0,0,0,0,0,0,0,0,0,0,0,0,0,0
Tripura,2.13 - For Murder,2014,0,0,0,0,0,0,0,0,0,0,0,0,0,0,0,0,0,0,0,0,0,0,0,0,0,0,0,0
Tripura,2.14 - Others purposes,2014,41,1,0,1,0,0,0,5,8,13,1,11,12,9,3,12,3,1,4,0,0,0,0,0,0,19,23,42
Tripura,2 - Total Kidnapped & abducted,2014,126,2,0,2,0,0,0,5,31,36,1,49,50,17,19,36,3,3,6,0,0,0,0,0,0,28,102,130
Uttar Pradesh,2.1 - For Adoption,2014,0,0,0,0,0,0,0,0,0,0,0,0,0,0,0,0,0,0,0,0,0,0,0,0,0,0,0,0
Uttar Pradesh,2.2 - For Begging,2014,1,0,0,0,0,0,0,1,0,1,0,0,0,0,0,0,0,0,0,0,0,0,0,0,0,1,0,1
Uttar Pradesh,2.3 - For Camel Racing,2014,0,0,0,0,0,0,0,0,0,0,0,0,0,0,0,0,0,0,0,0,0,0,0,0,0,0,0,0
Uttar Pradesh,2.4 - For Illicit Intercourse,2014,2958,0,16,16,0,99,99,0,548,548,0,797,797,0,1428,1428,0,69,69,0,1,1,0,0,0,0,2958,2958
Uttar Pradesh,2.5 - For Marriage,2014,7338,0,0,0,0,244,244,0,1442,1442,0,2132,2132,0,3146,3146,0,337,337,0,39,39,0,0,0,0,7340,7340
Uttar Pradesh,2.6 - For Prostitution,2014,0,0,0,0,0,0,0,0,0,0,0,0,0,0,0,0,0,0,0,0,0,0,0,0,0,0,0,0
Uttar Pradesh,2.7 - For Ransom,2014,82,8,0,8,11,0,11,14,0,14,4,0,4,30,1,31,14,0,14,0,0,0,0,0,0,81,1,82
Uttar Pradesh,2.8 - For Revenge,2014,52,1,0,1,3,3,6,4,3,7,2,0,2,22,1,23,8,2,10,3,0,3,0,0,0,43,9,52
Uttar Pradesh,2.9 - For Sale,2014,0,0,0,0,0,0,0,0,0,0,0,0,0,0,0,0,0,0,0,0,0,0,0,0,0,0,0,0
Uttar Pradesh,2.10 - For Selling Body Parts,2014,1,0,0,0,0,0,0,0,1,1,0,0,0,0,0,0,0,0,0,0,0,0,0,0,0,0,1,1
Uttar Pradesh,2.11 - For Slavery,2014,0,0,0,0,0,0,0,0,0,0,0,0,0,0,0,0,0,0,0,0,0,0,0,0,0,0,0,0
Uttar Pradesh,2.12 - For Unlawful Activity,2014,0,0,0,0,0,0,0,0,0,0,0,0,0,0,0,0,0,0,0,0,0,0,0,0,0,0,0,0
Uttar Pradesh,2.13 - For Murder,2014,567,12,0,12,25,5,30,32,9,41,27,10,37,283,22,305,108,4,112,21,9,30,0,0,0,508,59,567
Uttar Pradesh,2.14 - Others purposes,2014,1362,27,4,31,51,14,65,111,44,155,128,44,172,529,75,604,207,77,284,40,2,42,9,0,9,1102,260,1362
Uttar Pradesh,2 - Total Kidnapped & abducted,2014,12361,48,20,68,90,365,455,162,2047,2209,161,2983,3144,864,4673,5537,337,489,826,64,51,115,9,0,9,1735,10628,12363
Uttarakhand,2.1 - For Adoption,2014,0,0,0,0,0,0,0,0,0,0,0,0,0,0,0,0,0,0,0,0,0,0,0,0,0,0,0,0
Uttarakhand,2.2 - For Begging,2014,0,0,0,0,0,0,0,0,0,0,0,0,0,0,0,0,0,0,0,0,0,0,0,0,0,0,0,0
Uttarakhand,2.3 - For Camel Racing,2014,0,0,0,0,0,0,0,0,0,0,0,0,0,0,0,0,0,0,0,0,0,0,0,0,0,0,0,0
Uttarakhand,2.4 - For Illicit Intercourse,2014,0,0,0,0,0,0,0,0,0,0,0,0,0,0,0,0,0,0,0,0,0,0,0,0,0,0,0,0
Uttarakhand,2.5 - For Marriage,2014,10,0,0,0,0,0,0,0,0,0,0,3,3,0,7,7,0,0,0,0,0,0,0,0,0,0,10,10
Uttarakhand,2.6 - For Prostitution,2014,0,0,0,0,0,0,0,0,0,0,0,0,0,0,0,0,0,0,0,0,0,0,0,0,0,0,0,0
Uttarakhand,2.7 - For Ransom,2014,2,1,0,1,0,0,0,0,0,0,0,0,0,1,0,1,0,0,0,0,0,0,0,0,0,2,0,2
Uttarakhand,2.8 - For Revenge,2014,0,0,0,0,0,0,0,0,0,0,0,0,0,0,0,0,0,0,0,0,0,0,0,0,0,0,0,0
Uttarakhand,2.9 - For Sale,2014,0,0,0,0,0,0,0,0,0,0,0,0,0,0,0,0,0,0,0,0,0,0,0,0,0,0,0,0
Uttarakhand,2.10 - For Selling Body Parts,2014,0,0,0,0,0,0,0,0,0,0,0,0,0,0,0,0,0,0,0,0,0,0,0,0,0,0,0,0
Uttarakhand,2.11 - For Slavery,2014,0,0,0,0,0,0,0,0,0,0,0,0,0,0,0,0,0,0,0,0,0,0,0,0,0,0,0,0
Uttarakhand,2.12 - For Unlawful Activity,2014,28,0,2,2,0,0,0,1,4,5,3,10,13,1,7,8,0,0,0,0,0,0,0,0,0,5,23,28
Uttarakhand,2.13 - For Murder,2014,2,0,0,0,0,0,0,1,0,1,0,0,0,1,0,1,0,0,0,0,0,0,0,0,0,2,0,2
Uttarakhand,2.14 - Others purposes,2014,649,6,24,30,15,42,57,31,67,98,8,57,65,130,118,248,84,40,124,14,13,27,1,0,1,289,361,650
Uttarakhand,2 - Total Kidnapped & abducted,2014,691,7,26,33,15,42,57,33,71,104,11,70,81,133,132,265,84,40,124,14,13,27,1,0,1,298,394,692
West Bengal,2.1 - For Adoption,2014,49,0,1,1,4,1,5,2,11,13,0,5,5,2,18,20,1,5,6,0,0,0,0,0,0,9,41,50
West Bengal,2.2 - For Begging,2014,5,0,0,0,0,4,4,1,0,1,0,0,0,0,0,0,0,0,0,0,0,0,0,0,0,1,4,5
West Bengal,2.3 - For Camel Racing,2014,0,0,0,0,0,0,0,0,0,0,0,0,0,0,0,0,0,0,0,0,0,0,0,0,0,0,0,0
West Bengal,2.4 - For Illicit Intercourse,2014,106,0,0,0,0,8,8,0,25,25,0,11,11,0,39,39,0,23,23,0,0,0,0,0,0,0,106,106
West Bengal,2.5 - For Marriage,2014,1198,0,0,0,0,4,4,0,127,127,0,218,218,0,794,794,0,58,58,0,0,0,0,0,0,0,1201,1201
West Bengal,2.6 - For Prostitution,2014,39,0,0,0,0,0,0,0,15,15,0,10,10,2,14,16,0,6,6,0,0,0,0,0,0,2,45,47
West Bengal,2.7 - For Ransom,2014,101,2,1,3,2,2,4,7,5,12,0,1,1,44,24,68,10,3,13,4,0,4,1,0,1,70,36,106
West Bengal,2.8 - For Revenge,2014,0,0,0,0,0,0,0,0,0,0,0,0,0,0,0,0,0,0,0,0,0,0,0,0,0,0,0,0
West Bengal,2.9 - For Sale,2014,104,0,0,0,0,10,10,2,39,41,4,24,28,0,28,28,1,5,6,0,0,0,0,0,0,7,106,113
West Bengal,2.10 - For Selling Body Parts,2014,0,0,0,0,0,0,0,0,0,0,0,0,0,0,0,0,0,0,0,0,0,0,0,0,0,0,0,0
West Bengal,2.11 - For Slavery,2014,3,0,0,0,0,0,0,0,2,2,0,1,1,0,1,1,0,0,0,0,0,0,0,0,0,0,4,4
West Bengal,2.12 - For Unlawful Activity,2014,335,9,2,11,22,30,52,27,34,61,28,20,48,44,62,106,20,29,49,5,10,15,0,0,0,155,187,342
West Bengal,2.13 - For Murder,2014,48,0,0,0,3,0,3,3,1,4,0,0,0,20,8,28,12,3,15,0,0,0,0,0,0,38,12,50
West Bengal,2.14 - Others purposes,2014,4122,22,304,326,52,254,306,102,565,667,116,218,334,320,880,1200,194,788,982,71,310,381,0,1,1,877,3320,4197
West Bengal,2 - Total Kidnapped & abducted,2014,6110,33,308,341,83,313,396,144,824,968,148,508,656,432,1868,2300,238,920,1158,80,320,400,1,1,2,1159,5062,6221
A & N Islands,2.1 - For Adoption,2014,0,0,0,0,0,0,0,0,0,0,0,0,0,0,0,0,0,0,0,0,0,0,0,0,0,0,0,0
A & N Islands,2.2 - For Begging,2014,0,0,0,0,0,0,0,0,0,0,0,0,0,0,0,0,0,0,0,0,0,0,0,0,0,0,0,0
A & N Islands,2.3 - For Camel Racing,2014,0,0,0,0,0,0,0,0,0,0,0,0,0,0,0,0,0,0,0,0,0,0,0,0,0,0,0,0
A & N Islands,2.4 - For Illicit Intercourse,2014,0,0,0,0,0,0,0,0,0,0,0,0,0,0,0,0,0,0,0,0,0,0,0,0,0,0,0,0
A & N Islands,2.5 - For Marriage,2014,0,0,0,0,0,0,0,0,0,0,0,0,0,0,0,0,0,0,0,0,0,0,0,0,0,0,0,0
A & N Islands,2.6 - For Prostitution,2014,0,0,0,0,0,0,0,0,0,0,0,0,0,0,0,0,0,0,0,0,0,0,0,0,0,0,0,0
A & N Islands,2.7 - For Ransom,2014,0,0,0,0,0,0,0,0,0,0,0,0,0,0,0,0,0,0,0,0,0,0,0,0,0,0,0,0
A & N Islands,2.8 - For Revenge,2014,2,0,0,0,0,0,0,0,0,0,0,0,0,2,0,2,0,0,0,0,0,0,0,0,0,2,0,2
A & N Islands,2.9 - For Sale,2014,0,0,0,0,0,0,0,0,0,0,0,0,0,0,0,0,0,0,0,0,0,0,0,0,0,0,0,0
A & N Islands,2.10 - For Selling Body Parts,2014,0,0,0,0,0,0,0,0,0,0,0,0,0,0,0,0,0,0,0,0,0,0,0,0,0,0,0,0
A & N Islands,2.11 - For Slavery,2014,0,0,0,0,0,0,0,0,0,0,0,0,0,0,0,0,0,0,0,0,0,0,0,0,0,0,0,0
A & N Islands,2.12 - For Unlawful Activity,2014,0,0,0,0,0,0,0,0,0,0,0,0,0,0,0,0,0,0,0,0,0,0,0,0,0,0,0,0
A & N Islands,2.13 - For Murder,2014,0,0,0,0,0,0,0,0,0,0,0,0,0,0,0,0,0,0,0,0,0,0,0,0,0,0,0,0
A & N Islands,2.14 - Others purposes,2014,20,0,0,0,1,1,2,1,9,10,0,3,3,1,13,14,0,1,1,0,0,0,0,0,0,3,27,30
A & N Islands,2 - Total Kidnapped & abducted,2014,22,0,0,0,1,1,2,1,9,10,0,3,3,3,13,16,0,1,1,0,0,0,0,0,0,5,27,32
Chandigarh,2.1 - For Adoption,2014,0,0,0,0,0,0,0,0,0,0,0,0,0,0,0,0,0,0,0,0,0,0,0,0,0,0,0,0
Chandigarh,2.2 - For Begging,2014,0,0,0,0,0,0,0,0,0,0,0,0,0,0,0,0,0,0,0,0,0,0,0,0,0,0,0,0
Chandigarh,2.3 - For Camel Racing,2014,0,0,0,0,0,0,0,0,0,0,0,0,0,0,0,0,0,0,0,0,0,0,0,0,0,0,0,0
Chandigarh,2.4 - For Illicit Intercourse,2014,0,0,0,0,0,0,0,0,0,0,0,0,0,0,0,0,0,0,0,0,0,0,0,0,0,0,0,0
Chandigarh,2.5 - For Marriage,2014,43,0,0,0,0,0,0,0,7,7,0,20,20,0,13,13,0,3,3,0,0,0,0,0,0,0,43,43
Chandigarh,2.6 - For Prostitution,2014,0,0,0,0,0,0,0,0,0,0,0,0,0,0,0,0,0,0,0,0,0,0,0,0,0,0,0,0
Chandigarh,2.7 - For Ransom,2014,1,0,0,0,0,0,0,0,0,0,0,0,0,0,0,0,0,0,0,1,0,1,0,0,0,1,0,1
Chandigarh,2.8 - For Revenge,2014,42,0,2,2,2,0,2,8,6,14,0,7,7,7,0,7,5,0,5,2,0,2,7,0,7,31,15,46
Chandigarh,2.9 - For Sale,2014,0,0,0,0,0,0,0,0,0,0,0,0,0,0,0,0,0,0,0,0,0,0,0,0,0,0,0,0
Chandigarh,2.10 - For Selling Body Parts,2014,0,0,0,0,0,0,0,0,0,0,0,0,0,0,0,0,0,0,0,0,0,0,0,0,0,0,0,0
Chandigarh,2.11 - For Slavery,2014,0,0,0,0,0,0,0,0,0,0,0,0,0,0,0,0,0,0,0,0,0,0,0,0,0,0,0,0
Chandigarh,2.12 - For Unlawful Activity,2014,0,0,0,0,0,0,0,0,0,0,0,0,0,0,0,0,0,0,0,0,0,0,0,0,0,0,0,0
Chandigarh,2.13 - For Murder,2014,0,0,0,0,0,0,0,0,0,0,0,0,0,0,0,0,0,0,0,0,0,0,0,0,0,0,0,0
Chandigarh,2.14 - Others purposes,2014,101,0,2,2,2,5,7,20,29,49,1,23,24,0,8,8,0,8,8,0,5,5,0,0,0,23,80,103
Chandigarh,2 - Total Kidnapped & abducted,2014,187,0,4,4,4,5,9,28,42,70,1,50,51,7,21,28,5,11,16,3,5,8,7,0,7,55,138,193
D&N Haveli,2.1 - For Adoption,2014,0,0,0,0,0,0,0,0,0,0,0,0,0,0,0,0,0,0,0,0,0,0,0,0,0,0,0,0
D&N Haveli,2.2 - For Begging,2014,0,0,0,0,0,0,0,0,0,0,0,0,0,0,0,0,0,0,0,0,0,0,0,0,0,0,0,0
D&N Haveli,2.3 - For Camel Racing,2014,0,0,0,0,0,0,0,0,0,0,0,0,0,0,0,0,0,0,0,0,0,0,0,0,0,0,0,0
D&N Haveli,2.4 - For Illicit Intercourse,2014,0,0,0,0,0,0,0,0,0,0,0,0,0,0,0,0,0,0,0,0,0,0,0,0,0,0,0,0
D&N Haveli,2.5 - For Marriage,2014,0,0,0,0,0,0,0,0,0,0,0,0,0,0,0,0,0,0,0,0,0,0,0,0,0,0,0,0
D&N Haveli,2.6 - For Prostitution,2014,0,0,0,0,0,0,0,0,0,0,0,0,0,0,0,0,0,0,0,0,0,0,0,0,0,0,0,0
D&N Haveli,2.7 - For Ransom,2014,0,0,0,0,0,0,0,0,0,0,0,0,0,0,0,0,0,0,0,0,0,0,0,0,0,0,0,0
D&N Haveli,2.8 - For Revenge,2014,0,0,0,0,0,0,0,0,0,0,0,0,0,0,0,0,0,0,0,0,0,0,0,0,0,0,0,0
D&N Haveli,2.9 - For Sale,2014,0,0,0,0,0,0,0,0,0,0,0,0,0,0,0,0,0,0,0,0,0,0,0,0,0,0,0,0
D&N Haveli,2.10 - For Selling Body Parts,2014,0,0,0,0,0,0,0,0,0,0,0,0,0,0,0,0,0,0,0,0,0,0,0,0,0,0,0,0
D&N Haveli,2.11 - For Slavery,2014,0,0,0,0,0,0,0,0,0,0,0,0,0,0,0,0,0,0,0,0,0,0,0,0,0,0,0,0
D&N Haveli,2.12 - For Unlawful Activity,2014,0,0,0,0,0,0,0,0,0,0,0,0,0,0,0,0,0,0,0,0,0,0,0,0,0,0,0,0
D&N Haveli,2.13 - For Murder,2014,0,0,0,0,0,0,0,0,0,0,0,0,0,0,0,0,0,0,0,0,0,0,0,0,0,0,0,0
D&N Haveli,2.14 - Others purposes,2014,14,2,1,3,0,0,0,0,5,5,0,0,0,1,1,2,4,0,4,0,0,0,0,0,0,7,7,14
D&N Haveli,2 - Total Kidnapped & abducted,2014,14,2,1,3,0,0,0,0,5,5,0,0,0,1,1,2,4,0,4,0,0,0,0,0,0,7,7,14
Daman & Diu,2.1 - For Adoption,2014,0,0,0,0,0,0,0,0,0,0,0,0,0,0,0,0,0,0,0,0,0,0,0,0,0,0,0,0
Daman & Diu,2.2 - For Begging,2014,0,0,0,0,0,0,0,0,0,0,0,0,0,0,0,0,0,0,0,0,0,0,0,0,0,0,0,0
Daman & Diu,2.3 - For Camel Racing,2014,0,0,0,0,0,0,0,0,0,0,0,0,0,0,0,0,0,0,0,0,0,0,0,0,0,0,0,0
Daman & Diu,2.4 - For Illicit Intercourse,2014,0,0,0,0,0,0,0,0,0,0,0,0,0,0,0,0,0,0,0,0,0,0,0,0,0,0,0,0
Daman & Diu,2.5 - For Marriage,2014,0,0,0,0,0,0,0,0,0,0,0,0,0,0,0,0,0,0,0,0,0,0,0,0,0,0,0,0
Daman & Diu,2.6 - For Prostitution,2014,0,0,0,0,0,0,0,0,0,0,0,0,0,0,0,0,0,0,0,0,0,0,0,0,0,0,0,0
Daman & Diu,2.7 - For Ransom,2014,0,0,0,0,0,0,0,0,0,0,0,0,0,0,0,0,0,0,0,0,0,0,0,0,0,0,0,0
Daman & Diu,2.8 - For Revenge,2014,0,0,0,0,0,0,0,0,0,0,0,0,0,0,0,0,0,0,0,0,0,0,0,0,0,0,0,0
Daman & Diu,2.9 - For Sale,2014,0,0,0,0,0,0,0,0,0,0,0,0,0,0,0,0,0,0,0,0,0,0,0,0,0,0,0,0
Daman & Diu,2.10 - For Selling Body Parts,2014,0,0,0,0,0,0,0,0,0,0,0,0,0,0,0,0,0,0,0,0,0,0,0,0,0,0,0,0
Daman & Diu,2.11 - For Slavery,2014,0,0,0,0,0,0,0,0,0,0,0,0,0,0,0,0,0,0,0,0,0,0,0,0,0,0,0,0
Daman & Diu,2.12 - For Unlawful Activity,2014,0,0,0,0,0,0,0,0,0,0,0,0,0,0,0,0,0,0,0,0,0,0,0,0,0,0,0,0
Daman & Diu,2.13 - For Murder,2014,0,0,0,0,0,0,0,0,0,0,0,0,0,0,0,0,0,0,0,0,0,0,0,0,0,0,0,0
Daman & Diu,2.14 - Others purposes,2014,10,0,1,1,0,0,0,1,3,4,0,1,1,4,0,4,3,0,3,0,0,0,0,0,0,8,5,13
Daman & Diu,2 - Total Kidnapped & abducted,2014,10,0,1,1,0,0,0,1,3,4,0,1,1,4,0,4,3,0,3,0,0,0,0,0,0,8,5,13
Delhi UT,2.1 - For Adoption,2014,0,0,0,0,0,0,0,0,0,0,0,0,0,0,0,0,0,0,0,0,0,0,0,0,0,0,0,0
Delhi UT,2.2 - For Begging,2014,0,0,0,0,0,0,0,0,0,0,0,0,0,0,0,0,0,0,0,0,0,0,0,0,0,0,0,0
Delhi UT,2.3 - For Camel Racing,2014,0,0,0,0,0,0,0,0,0,0,0,0,0,0,0,0,0,0,0,0,0,0,0,0,0,0,0,0
Delhi UT,2.4 - For Illicit Intercourse,2014,17,0,0,0,0,0,0,0,1,1,0,15,15,0,1,1,0,0,0,0,0,0,0,0,0,0,17,17
Delhi UT,2.5 - For Marriage,2014,2,0,0,0,0,0,0,0,0,0,0,1,1,0,1,1,0,0,0,0,0,0,0,0,0,0,2,2
Delhi UT,2.6 - For Prostitution,2014,0,0,0,0,0,0,0,0,0,0,0,0,0,0,0,0,0,0,0,0,0,0,0,0,0,0,0,0
Delhi UT,2.7 - For Ransom,2014,38,4,0,4,3,2,5,1,1,2,3,1,4,18,3,21,0,0,0,2,0,2,0,0,0,31,7,38
Delhi UT,2.8 - For Revenge,2014,0,0,0,0,0,0,0,0,0,0,0,0,0,0,0,0,0,0,0,0,0,0,0,0,0,0,0,0
Delhi UT,2.9 - For Sale,2014,0,0,0,0,0,0,0,0,0,0,0,0,0,0,0,0,0,0,0,0,0,0,0,0,0,0,0,0
Delhi UT,2.10 - For Selling Body Parts,2014,0,0,0,0,0,0,0,0,0,0,0,0,0,0,0,0,0,0,0,0,0,0,0,0,0,0,0,0
Delhi UT,2.11 - For Slavery,2014,0,0,0,0,0,0,0,0,0,0,0,0,0,0,0,0,0,0,0,0,0,0,0,0,0,0,0,0
Delhi UT,2.12 - For Unlawful Activity,2014,1,0,0,0,0,0,0,0,0,0,0,0,0,0,0,0,0,1,1,0,0,0,0,0,0,0,1,1
Delhi UT,2.13 - For Murder,2014,1,0,0,0,0,0,0,0,0,0,1,0,1,0,0,0,0,0,0,0,0,0,0,0,0,1,0,1
Delhi UT,2.14 - Others purposes,2014,7084,167,143,310,705,307,1012,1379,1606,2985,724,1694,2418,165,378,543,66,62,128,28,8,36,3,2,5,3237,4200,7437
Delhi UT,2 - Total Kidnapped & abducted,2014,7143,171,143,314,708,309,1017,1380,1608,2988,728,1711,2439,183,383,566,66,63,129,30,8,38,3,2,5,3269,4227,7496
Lakshadweep,2.1 - For Adoption,2014,0,0,0,0,0,0,0,0,0,0,0,0,0,0,0,0,0,0,0,0,0,0,0,0,0,0,0,0
Lakshadweep,2.2 - For Begging,2014,0,0,0,0,0,0,0,0,0,0,0,0,0,0,0,0,0,0,0,0,0,0,0,0,0,0,0,0
Lakshadweep,2.3 - For Camel Racing,2014,0,0,0,0,0,0,0,0,0,0,0,0,0,0,0,0,0,0,0,0,0,0,0,0,0,0,0,0
Lakshadweep,2.4 - For Illicit Intercourse,2014,0,0,0,0,0,0,0,0,0,0,0,0,0,0,0,0,0,0,0,0,0,0,0,0,0,0,0,0
Lakshadweep,2.5 - For Marriage,2014,0,0,0,0,0,0,0,0,0,0,0,0,0,0,0,0,0,0,0,0,0,0,0,0,0,0,0,0
Lakshadweep,2.6 - For Prostitution,2014,0,0,0,0,0,0,0,0,0,0,0,0,0,0,0,0,0,0,0,0,0,0,0,0,0,0,0,0
Lakshadweep,2.7 - For Ransom,2014,0,0,0,0,0,0,0,0,0,0,0,0,0,0,0,0,0,0,0,0,0,0,0,0,0,0,0,0
Lakshadweep,2.8 - For Revenge,2014,0,0,0,0,0,0,0,0,0,0,0,0,0,0,0,0,0,0,0,0,0,0,0,0,0,0,0,0
Lakshadweep,2.9 - For Sale,2014,0,0,0,0,0,0,0,0,0,0,0,0,0,0,0,0,0,0,0,0,0,0,0,0,0,0,0,0
Lakshadweep,2.10 - For Selling Body Parts,2014,0,0,0,0,0,0,0,0,0,0,0,0,0,0,0,0,0,0,0,0,0,0,0,0,0,0,0,0
Lakshadweep,2.11 - For Slavery,2014,0,0,0,0,0,0,0,0,0,0,0,0,0,0,0,0,0,0,0,0,0,0,0,0,0,0,0,0
Lakshadweep,2.12 - For Unlawful Activity,2014,0,0,0,0,0,0,0,0,0,0,0,0,0,0,0,0,0,0,0,0,0,0,0,0,0,0,0,0
Lakshadweep,2.13 - For Murder,2014,0,0,0,0,0,0,0,0,0,0,0,0,0,0,0,0,0,0,0,0,0,0,0,0,0,0,0,0
Lakshadweep,2.14 - Others purposes,2014,0,0,0,0,0,0,0,0,0,0,0,0,0,0,0,0,0,0,0,0,0,0,0,0,0,0,0,0
Lakshadweep,2 - Total Kidnapped & abducted,2014,0,0,0,0,0,0,0,0,0,0,0,0,0,0,0,0,0,0,0,0,0,0,0,0,0,0,0,0
Puducherry,2.1 - For Adoption,2014,1,0,1,1,0,0,0,0,0,0,0,0,0,0,0,0,0,0,0,0,0,0,0,0,0,0,1,1
Puducherry,2.2 - For Begging,2014,0,0,0,0,0,0,0,0,0,0,0,0,0,0,0,0,0,0,0,0,0,0,0,0,0,0,0,0
Puducherry,2.3 - For Camel Racing,2014,0,0,0,0,0,0,0,0,0,0,0,0,0,0,0,0,0,0,0,0,0,0,0,0,0,0,0,0
Puducherry,2.4 - For Illicit Intercourse,2014,0,0,0,0,0,0,0,0,0,0,0,0,0,0,0,0,0,0,0,0,0,0,0,0,0,0,0,0
Puducherry,2.5 - For Marriage,2014,1,0,0,0,0,0,0,0,0,0,0,1,1,0,0,0,0,0,0,0,0,0,0,0,0,0,1,1
Puducherry,2.6 - For Prostitution,2014,0,0,0,0,0,0,0,0,0,0,0,0,0,0,0,0,0,0,0,0,0,0,0,0,0,0,0,0
Puducherry,2.7 - For Ransom,2014,1,0,0,0,0,0,0,1,0,1,0,0,0,0,0,0,0,0,0,0,0,0,0,0,0,1,0,1
Puducherry,2.8 - For Revenge,2014,0,0,0,0,0,0,0,0,0,0,0,0,0,0,0,0,0,0,0,0,0,0,0,0,0,0,0,0
Puducherry,2.9 - For Sale,2014,0,0,0,0,0,0,0,0,0,0,0,0,0,0,0,0,0,0,0,0,0,0,0,0,0,0,0,0
Puducherry,2.10 - For Selling Body Parts,2014,0,0,0,0,0,0,0,0,0,0,0,0,0,0,0,0,0,0,0,0,0,0,0,0,0,0,0,0
Puducherry,2.11 - For Slavery,2014,0,0,0,0,0,0,0,0,0,0,0,0,0,0,0,0,0,0,0,0,0,0,0,0,0,0,0,0
Puducherry,2.12 - For Unlawful Activity,2014,0,0,0,0,0,0,0,0,0,0,0,0,0,0,0,0,0,0,0,0,0,0,0,0,0,0,0,0
Puducherry,2.13 - For Murder,2014,0,0,0,0,0,0,0,0,0,0,0,0,0,0,0,0,0,0,0,0,0,0,0,0,0,0,0,0
Puducherry,2.14 - Others purposes,2014,10,0,0,0,0,0,0,0,1,1,2,3,5,3,1,4,0,0,0,0,0,0,0,0,0,5,5,10
Puducherry,2 - Total Kidnapped & abducted,2014,13,0,1,1,0,0,0,1,1,2,2,4,6,3,1,4,0,0,0,0,0,0,0,0,0,6,7,13
Total (States),2.1 - For Adoption,2014,406,9,5,14,16,11,27,21,73,94,23,66,89,96,69,165,12,7,19,1,0,1,0,0,0,178,231,409
Total (States),2.2 - For Begging,2014,16,2,2,4,5,4,9,2,0,2,1,0,1,1,0,1,0,0,0,0,0,0,0,0,0,11,6,17
Total (States),2.3 - For Camel Racing,2014,0,0,0,0,0,0,0,0,0,0,0,0,0,0,0,0,0,0,0,0,0,0,0,0,0,0,0,0
Total (States),2.4 - For Illicit Intercourse,2014,4443,1,17,18,0,131,131,4,852,856,4,1291,1295,5,1863,1868,3,271,274,0,5,5,0,0,0,17,4430,4447
Total (States),2.5 - For Marriage,2014,30933,0,124,124,2,355,357,3,3692,3695,6,8090,8096,63,15523,15586,9,2966,2975,0,161,161,0,0,0,83,30911,30994
Total (States),2.6 - For Prostitution,2014,99,0,0,0,0,0,0,0,22,22,0,17,17,2,71,73,3,8,11,0,0,0,0,0,0,5,118,123
Total (States),2.7 - For Ransom,2014,636,29,5,34,53,4,57,33,11,44,12,9,21,302,39,341,147,16,163,15,0,15,5,0,5,596,84,680
Total (States),2.8 - For Revenge,2014,247,3,4,7,4,9,13,14,10,24,17,2,19,131,19,150,27,7,34,6,0,6,0,0,0,202,51,253
Total (States),2.9 - For Sale,2014,114,0,1,1,0,10,10,2,39,41,4,24,28,0,31,31,1,11,12,0,0,0,0,0,0,7,116,123
Total (States),2.10 - For Selling Body Parts,2014,1,0,0,0,0,0,0,0,1,1,0,0,0,0,0,0,0,0,0,0,0,0,0,0,0,0,1,1
Total (States),2.11 - For Slavery,2014,3,0,0,0,0,0,0,0,2,2,0,1,1,0,1,1,0,0,0,0,0,0,0,0,0,0,4,4
Total (States),2.12 - For Unlawful Activity,2014,484,9,6,15,26,30,56,35,41,76,32,52,84,66,100,166,42,37,79,5,10,15,0,0,0,215,276,491
Total (States),2.13 - For Murder,2014,1234,18,8,26,38,9,47,51,19,70,34,13,47,679,48,727,280,12,292,25,9,34,0,1,1,1125,119,1244
Total (States),2.14 - Others purposes,2014,31232,534,714,1248,1114,1064,2178,2458,3987,6445,1880,4299,6179,5074,5123,10197,2469,2089,4558,560,440,1000,76,18,94,14165,17734,31899
Total (States),2 - Total Kidnapped & abducted,2014,69848,605,886,1491,1258,1627,2885,2623,8749,11372,2013,13864,15877,6419,22887,29306,2993,5424,8417,612,625,1237,81,19,100,16604,54081,70685
Total (UTs),2.1 - For Adoption,2014,1,0,1,1,0,0,0,0,0,0,0,0,0,0,0,0,0,0,0,0,0,0,0,0,0,0,1,1
Total (UTs),2.2 - For Begging,2014,0,0,0,0,0,0,0,0,0,0,0,0,0,0,0,0,0,0,0,0,0,0,0,0,0,0,0,0
Total (UTs),2.3 - For Camel Racing,2014,0,0,0,0,0,0,0,0,0,0,0,0,0,0,0,0,0,0,0,0,0,0,0,0,0,0,0,0
Total (UTs),2.4 - For Illicit Intercourse,2014,17,0,0,0,0,0,0,0,1,1,0,15,15,0,1,1,0,0,0,0,0,0,0,0,0,0,17,17
Total (UTs),2.5 - For Marriage,2014,46,0,0,0,0,0,0,0,7,7,0,22,22,0,14,14,0,3,3,0,0,0,0,0,0,0,46,46
Total (UTs),2.6 - For Prostitution,2014,0,0,0,0,0,0,0,0,0,0,0,0,0,0,0,0,0,0,0,0,0,0,0,0,0,0,0,0
Total (UTs),2.7 - For Ransom,2014,40,4,0,4,3,2,5,2,1,3,3,1,4,18,3,21,0,0,0,3,0,3,0,0,0,33,7,40
Total (UTs),2.8 - For Revenge,2014,44,0,2,2,2,0,2,8,6,14,0,7,7,9,0,9,5,0,5,2,0,2,7,0,7,33,15,48
Total (UTs),2.9 - For Sale,2014,0,0,0,0,0,0,0,0,0,0,0,0,0,0,0,0,0,0,0,0,0,0,0,0,0,0,0,0
Total (UTs),2.10 - For Selling Body Parts,2014,0,0,0,0,0,0,0,0,0,0,0,0,0,0,0,0,0,0,0,0,0,0,0,0,0,0,0,0
Total (UTs),2.11 - For Slavery,2014,0,0,0,0,0,0,0,0,0,0,0,0,0,0,0,0,0,0,0,0,0,0,0,0,0,0,0,0
Total (UTs),2.12 - For Unlawful Activity,2014,1,0,0,0,0,0,0,0,0,0,0,0,0,0,0,0,0,1,1,0,0,0,0,0,0,0,1,1
Total (UTs),2.13 - For Murder,2014,1,0,0,0,0,0,0,0,0,0,1,0,1,0,0,0,0,0,0,0,0,0,0,0,0,1,0,1
Total (UTs),2.14 - Others purposes,2014,7239,169,147,316,708,313,1021,1401,1653,3054,727,1724,2451,174,401,575,73,71,144,28,13,41,3,2,5,3283,4324,7607
Total (UTs),2 - Total Kidnapped & abducted,2014,7389,173,150,323,713,315,1028,1411,1668,3079,731,1769,2500,201,419,620,78,75,153,33,13,46,10,2,12,3350,4411,7761
Total (All India),2.1 - For Adoption,2014,407,9,6,15,16,11,27,21,73,94,23,66,89,96,69,165,12,7,19,1,0,1,0,0,0,178,232,410
Total (All India),2.2 - For Begging,2014,16,2,2,4,5,4,9,2,0,2,1,0,1,1,0,1,0,0,0,0,0,0,0,0,0,11,6,17
Total (All India),2.3 - For Camel Racing,2014,0,0,0,0,0,0,0,0,0,0,0,0,0,0,0,0,0,0,0,0,0,0,0,0,0,0,0,0
Total (All India),2.4 - For Illicit Intercourse,2014,4460,1,17,18,0,131,131,4,853,857,4,1306,1310,5,1864,1869,3,271,274,0,5,5,0,0,0,17,4447,4464
Total (All India),2.5 - For Marriage,2014,30979,0,124,124,2,355,357,3,3699,3702,6,8112,8118,63,15537,15600,9,2969,2978,0,161,161,0,0,0,83,30957,31040
Total (All India),2.6 - For Prostitution,2014,99,0,0,0,0,0,0,0,22,22,0,17,17,2,71,73,3,8,11,0,0,0,0,0,0,5,118,123
Total (All India),2.7 - For Ransom,2014,676,33,5,38,56,6,62,35,12,47,15,10,25,320,42,362,147,16,163,18,0,18,5,0,5,629,91,720
Total (All India),2.8 - For Revenge,2014,291,3,6,9,6,9,15,22,16,38,17,9,26,140,19,159,32,7,39,8,0,8,7,0,7,235,66,301
Total (All India),2.9 - For Sale,2014,114,0,1,1,0,10,10,2,39,41,4,24,28,0,31,31,1,11,12,0,0,0,0,0,0,7,116,123
Total (All India),2.10 - For Selling Body Parts,2014,1,0,0,0,0,0,0,0,1,1,0,0,0,0,0,0,0,0,0,0,0,0,0,0,0,0,1,1
Total (All India),2.11 - For Slavery,2014,3,0,0,0,0,0,0,0,2,2,0,1,1,0,1,1,0,0,0,0,0,0,0,0,0,0,4,4
Total (All India),2.12 - For Unlawful Activity,2014,485,9,6,15,26,30,56,35,41,76,32,52,84,66,100,166,42,38,80,5,10,15,0,0,0,215,277,492
Total (All India),2.13 - For Murder,2014,1235,18,8,26,38,9,47,51,19,70,35,13,48,679,48,727,280,12,292,25,9,34,0,1,1,1126,119,1245
Total (All India),2.14 - Others purposes,2014,38471,703,861,1564,1822,1377,3199,3859,5640,9499,2607,6023,8630,5248,5524,10772,2542,2160,4702,588,453,1041,79,20,99,17448,22058,39506
Total (All India),2 - Total Kidnapped & abducted,2014,77237,778,1036,1814,1971,1942,3913,4034,10417,14451,2744,15633,18377,6620,23306,29926,3071,5499,8570,645,638,1283,91,21,112,19954,58492,78446
